// Mochan Response, native 16px, 4bpp; Latin/Vietnamese subset of Noto Sans.
// Created by scripts/generate_mochan_response_font.py; SIL OFL:
// fonts/OFL-NotoSans.txt. Other scripts and managed font output are unchanged.
// Source TTF SHA256: bfb7bb691513f12e734dc346c03a03f784912432d7e3fa8e56efcf906fe86b3d
#include <lvgl.h>

namespace {
const uint8_t kBitmap[] = {
    0x5f, 0x25, 0xf2, 0x5f, 0x25, 0xf2, 0x5f, 0x25, 0xf2, 0x5f, 0x25, 0xf2, 0x00, 0x00, 0x10, 0x3f,
    0x13, 0xd1, 0x0e, 0x80, 0xf7, 0x00, 0xd7, 0x0e, 0x50, 0x0b, 0x50, 0xd4, 0x00, 0xa4, 0x0b, 0x30,
    0x00, 0x00, 0x00, 0x00, 0x00, 0x00, 0x00, 0x00, 0x00, 0x00, 0x00, 0x00, 0x00, 0x00, 0x00, 0x00,
    0x00, 0x00, 0x00, 0x00, 0x00, 0x00, 0x00, 0x00, 0x00, 0x00, 0x00, 0x00, 0x00, 0x00, 0x4d, 0x00,
    0xe2, 0x00, 0x00, 0x00, 0x6b, 0x01, 0xe0, 0x00, 0x00, 0x00, 0x88, 0x04, 0xc0, 0x00, 0x00, 0x00,
    0xa6, 0x06, 0xa0, 0x00, 0x00, 0xee, 0xff, 0xef, 0xfe, 0xe0, 0x00, 0x23, 0xf2, 0x2d, 0x62, 0x20,
    0x00, 0x05, 0xc0, 0x1f, 0x10, 0x00, 0x0f, 0xff, 0xff, 0xff, 0xff, 0x00, 0x03, 0x3b, 0x73, 0x8b,
    0x33, 0x00, 0x00, 0x0d, 0x30, 0x97, 0x00, 0x00, 0x00, 0x0f, 0x10, 0xb5, 0x00, 0x00, 0x00, 0x2e,
    0x00, 0xe2, 0x00, 0x00, 0x00, 0x05, 0xf2, 0x00, 0x00, 0x00, 0x5f, 0x20, 0x00, 0x04, 0xcf, 0xfe,
    0xc6, 0x02, 0xf9, 0x7f, 0x56, 0x40, 0x4f, 0x35, 0xf2, 0x00, 0x01, 0xec, 0x8f, 0x20, 0x00, 0x02,
    0xae, 0xfc, 0x60, 0x00, 0x00, 0x5f, 0x9e, 0xb0, 0x00, 0x05, 0xf2, 0x6f, 0x12, 0x52, 0x5f, 0x4b,
    0xd0, 0x3e, 0xff, 0xff, 0xc3, 0x00, 0x01, 0x6f, 0x20, 0x00, 0x00, 0x05, 0xf2, 0x00, 0x00, 0x00,
    0x28, 0x10, 0x00, 0x05, 0xed, 0x30, 0x00, 0x1b, 0x00, 0x01, 0xe9, 0xbb, 0x00, 0x08, 0x40, 0x00,
    0x3f, 0x36, 0xf0, 0x02, 0xa0, 0x00, 0x04, 0xf2, 0x5f, 0x10, 0x93, 0x00, 0x00, 0x3f, 0x36, 0xf1,
    0x39, 0x00, 0x00, 0x01, 0xe6, 0x9d, 0x0a, 0x25, 0xcb, 0x20, 0x07, 0xff, 0x54, 0x81, 0xe6, 0x9b,
    0x00, 0x01, 0x10, 0xb1, 0x3f, 0x35, 0xf0, 0x00, 0x00, 0x56, 0x04, 0xf2, 0x5f, 0x10, 0x00, 0x0b,
    0x00, 0x3f, 0x36, 0xf0, 0x00, 0x07, 0x50, 0x01, 0xe8, 0xbc, 0x00, 0x01, 0xb0, 0x00, 0x05, 0xed,
    0x30, 0x00, 0x5d, 0xfc, 0x40, 0x00, 0x00, 0x02, 0xf9, 0x4b, 0xe0, 0x00, 0x00, 0x04, 0xf2, 0x05,
    0xf1, 0x00, 0x00, 0x02, 0xf5, 0x09, 0xd0, 0x00, 0x00, 0x00, 0x8e, 0x9e, 0x40, 0x00, 0x00, 0x00,
    0x3f, 0xf3, 0x00, 0x00, 0x00, 0x05, 0xf9, 0xdc, 0x10, 0x2f, 0x50, 0x1e, 0x90, 0x2d, 0xb1, 0x7e,
    0x00, 0x4f, 0x30, 0x02, 0xeb, 0xe8, 0x00, 0x3f, 0x40, 0x00, 0x5f, 0xf1, 0x00, 0x0d, 0xd5, 0x47,
    0xec, 0xeb, 0x00, 0x02, 0xae, 0xec, 0x70, 0x4e, 0xa0, 0x0e, 0x80, 0x0d, 0x70, 0x0b, 0x50, 0x0a,
    0x40, 0x00, 0x00, 0x00, 0x00, 0x00, 0x00, 0x00, 0x00, 0x00, 0x00, 0x00, 0x00, 0x00, 0x00, 0x00,
    0x00, 0x00, 0x4e, 0x20, 0x0d, 0x80, 0x06, 0xf1, 0x00, 0xbb, 0x00, 0x1f, 0x70, 0x02, 0xf4, 0x00,
    0x4f, 0x30, 0x04, 0xf2, 0x00, 0x3f, 0x40, 0x02, 0xf5, 0x00, 0x0e, 0x90, 0x00, 0x9d, 0x00, 0x03,
    0xf4, 0x00, 0x0a, 0xc0, 0x00, 0x17, 0x20, 0x4e, 0x20, 0x00, 0xab, 0x00, 0x04, 0xf3, 0x00, 0x0e,
    0x90, 0x00, 0xad, 0x00, 0x07, 0xf0, 0x00, 0x5f, 0x10, 0x05, 0xf2, 0x00, 0x6f, 0x00, 0x08, 0xe0,
    0x00, 0xcb, 0x00, 0x1f, 0x70, 0x07, 0xe1, 0x01, 0xe7, 0x00, 0x37, 0x00, 0x00, 0x00, 0x06, 0xf2,
    0x00, 0x00, 0x00, 0x4f, 0x00, 0x00, 0x28, 0x42, 0xd1, 0x59, 0x03, 0xde, 0xef, 0xfe, 0xd1, 0x00,
    0x0c, 0xe8, 0x00, 0x00, 0x07, 0xe3, 0xf4, 0x00, 0x01, 0xe8, 0x0b, 0xc0, 0x00, 0x02, 0x10, 0x21,
    0x00, 0x00, 0x00, 0x00, 0x00, 0x00, 0x00, 0x00, 0x00, 0x00, 0x00, 0x00, 0x00, 0x00, 0x00, 0x00,
    0x00, 0x00, 0x00, 0x00, 0x05, 0xf2, 0x00, 0x00, 0x00, 0x05, 0xf2, 0x00, 0x00, 0x00, 0x05, 0xf2,
    0x00, 0x00, 0x0f, 0xff, 0xff, 0xff, 0xf0, 0x03, 0x37, 0xf4, 0x33, 0x30, 0x00, 0x05, 0xf2, 0x00,
    0x00, 0x00, 0x05, 0xf2, 0x00, 0x00, 0x00, 0x05, 0xf2, 0x00, 0x00, 0x00, 0x00, 0x00, 0x00, 0x00,
    0x00, 0x00, 0x00, 0x00, 0x00, 0x09, 0xe0, 0x0c, 0xa0, 0x0f, 0x50, 0x3d, 0x00, 0x00, 0x00, 0x00,
    0x0f, 0xff, 0xf0, 0x03, 0x33, 0x30, 0x00, 0x00, 0x00, 0x00, 0x00, 0x00, 0x00, 0x00, 0x00, 0x01,
    0x03, 0xf1, 0x3d, 0x10, 0x00, 0x00, 0xb9, 0x00, 0x02, 0xf4, 0x00, 0x07, 0xd0, 0x00, 0x0c, 0x80,
    0x00, 0x3f, 0x30, 0x00, 0x8d, 0x00, 0x00, 0xd7, 0x00, 0x04, 0xf2, 0x00, 0x09, 0xc0, 0x00, 0x0e,
    0x60, 0x00, 0x5f, 0x10, 0x00, 0xab, 0x00, 0x00, 0x00, 0x6d, 0xec, 0x30, 0x00, 0x5f, 0x74, 0x9e,
    0x20, 0x0d, 0xa0, 0x00, 0xc9, 0x01, 0xf5, 0x00, 0x08, 0xd0, 0x3f, 0x30, 0x00, 0x6f, 0x04, 0xf2,
    0x00, 0x05, 0xf1, 0x4f, 0x20, 0x00, 0x5f, 0x23, 0xf3, 0x00, 0x06, 0xf1, 0x1f, 0x50, 0x00, 0x8e,
    0x00, 0xca, 0x00, 0x0c, 0xa0, 0x05, 0xf7, 0x49, 0xf3, 0x00, 0x05, 0xdf, 0xc4, 0x00, 0x00, 0x01,
    0xaf, 0x20, 0x00, 0x02, 0xdd, 0xf2, 0x00, 0x01, 0xea, 0x5f, 0x20, 0x00, 0x04, 0x05, 0xf2, 0x00,
    0x00, 0x00, 0x5f, 0x20, 0x00, 0x00, 0x05, 0xf2, 0x00, 0x00, 0x00, 0x5f, 0x20, 0x00, 0x00, 0x05,
    0xf2, 0x00, 0x00, 0x00, 0x5f, 0x20, 0x00, 0x00, 0x05, 0xf2, 0x00, 0x00, 0x00, 0x5f, 0x20, 0x00,
    0x00, 0x05, 0xf2, 0x00, 0x01, 0x7d, 0xfe, 0x91, 0x00, 0x9d, 0x64, 0x6e, 0xa0, 0x01, 0x10, 0x00,
    0x7f, 0x10, 0x00, 0x00, 0x05, 0xf1, 0x00, 0x00, 0x00, 0x8e, 0x00, 0x00, 0x00, 0x2e, 0x70, 0x00,
    0x00, 0x1c, 0xc0, 0x00, 0x00, 0x0b, 0xd1, 0x00, 0x00, 0x0a, 0xd2, 0x00, 0x00, 0x0a, 0xd2, 0x00,
    0x00, 0x09, 0xf5, 0x33, 0x33, 0x30, 0xff, 0xff, 0xff, 0xff, 0x01, 0x8d, 0xfd, 0x91, 0x00, 0x7c,
    0x64, 0x5e, 0xb0, 0x00, 0x00, 0x00, 0x6f, 0x10, 0x00, 0x00, 0x07, 0xf1, 0x00, 0x00, 0x15, 0xe7,
    0x00, 0x02, 0xff, 0xf7, 0x00, 0x00, 0x03, 0x47, 0xf7, 0x00, 0x00, 0x00, 0x07, 0xf0, 0x00, 0x00,
    0x00, 0x5f, 0x10, 0x00, 0x00, 0x09, 0xe0, 0x0a, 0x74, 0x48, 0xf8, 0x00, 0x6c, 0xee, 0xc7, 0x00,
    0x00, 0x00, 0x00, 0xbf, 0x20, 0x00, 0x00, 0x7e, 0xf2, 0x00, 0x00, 0x3e, 0x7f, 0x20, 0x00, 0x0c,
    0x75, 0xf2, 0x00, 0x08, 0xc0, 0x5f, 0x20, 0x04, 0xe2, 0x05, 0xf2, 0x01, 0xd6, 0x00, 0x5f, 0x20,
    0xac, 0x11, 0x15, 0xf2, 0x0f, 0xff, 0xff, 0xff, 0xf0, 0x44, 0x44, 0x47, 0xf5, 0x00, 0x00, 0x00,
    0x5f, 0x20, 0x00, 0x00, 0x05, 0xf2, 0x09, 0xff, 0xff, 0xf5, 0x00, 0xab, 0x33, 0x33, 0x10, 0x0c,
    0x80, 0x00, 0x00, 0x00, 0xd7, 0x00, 0x00, 0x00, 0x0e, 0x60, 0x00, 0x00, 0x00, 0xfe, 0xef, 0xd7,
    0x00, 0x04, 0x43, 0x48, 0xf9, 0x00, 0x00, 0x00, 0x08, 0xf1, 0x00, 0x00, 0x00, 0x5f, 0x20, 0x00,
    0x00, 0x09, 0xe0, 0x49, 0x54, 0x59, 0xf6, 0x02, 0xad, 0xfe, 0xb4, 0x00, 0x00, 0x18, 0xdf, 0xe3,
    0x00, 0x0b, 0xd6, 0x44, 0x10, 0x06, 0xd1, 0x00, 0x00, 0x00, 0xd7, 0x00, 0x00, 0x00, 0x1f, 0x5a,
    0xee, 0x80, 0x03, 0xfd, 0x73, 0x7f, 0x80, 0x4f, 0x70, 0x00, 0x9e, 0x04, 0xf3, 0x00, 0x05, 0xf1,
    0x2f, 0x40, 0x00, 0x6f, 0x10, 0xda, 0x00, 0x0a, 0xd0, 0x05, 0xf8, 0x48, 0xf6, 0x00, 0x05, 0xdf,
    0xd6, 0x00, 0x0f, 0xff, 0xff, 0xff, 0xf0, 0x33, 0x33, 0x33, 0xcc, 0x00, 0x00, 0x00, 0x2f, 0x50,
    0x00, 0x00, 0x09, 0xd0, 0x00, 0x00, 0x01, 0xf7, 0x00, 0x00, 0x00, 0x8e, 0x10, 0x00, 0x00, 0x1e,
    0x90, 0x00, 0x00, 0x06, 0xf2, 0x00, 0x00, 0x00, 0xda, 0x00, 0x00, 0x00, 0x5f, 0x40, 0x00, 0x00,
    0x0c, 0xc0, 0x00, 0x00, 0x04, 0xf6, 0x00, 0x00, 0x02, 0xae, 0xfd, 0x91, 0x01, 0xdd, 0x54, 0x6e,
    0xb0, 0x4f, 0x30, 0x00, 0x6f, 0x13, 0xf4, 0x00, 0x07, 0xe1, 0x0a, 0xe5, 0x06, 0xf6, 0x00, 0x09,
    0xff, 0xf4, 0x00, 0x04, 0xeb, 0x7e, 0xd2, 0x01, 0xe9, 0x00, 0x1c, 0xc0, 0x4f, 0x30, 0x00, 0x6f,
    0x13, 0xf4, 0x00, 0x07, 0xf1, 0x0d, 0xd6, 0x47, 0xe9, 0x00, 0x2a, 0xef, 0xd8, 0x00, 0x01, 0x8e,
    0xfc, 0x30, 0x00, 0xae, 0x64, 0x9e, 0x30, 0x2f, 0x60, 0x00, 0xba, 0x04, 0xf3, 0x00, 0x06, 0xe0,
    0x4f, 0x40, 0x00, 0x7f, 0x10, 0xec, 0x20, 0x5e, 0xf1, 0x03, 0xdf, 0xfc, 0x7f, 0x00, 0x00, 0x21,
    0x07, 0xd0, 0x00, 0x00, 0x00, 0xca, 0x00, 0x00, 0x00, 0x5f, 0x40, 0x03, 0x44, 0x8f, 0x90, 0x00,
    0x6f, 0xec, 0x60, 0x00, 0x3d, 0x13, 0xf1, 0x01, 0x00, 0x00, 0x00, 0x00, 0x00, 0x01, 0x03, 0xf1,
    0x3d, 0x10, 0x3d, 0x13, 0xf1, 0x01, 0x00, 0x00, 0x00, 0x00, 0x00, 0x00, 0x04, 0xe0, 0x6b, 0x09,
    0x70, 0xc2, 0x00, 0x00, 0x00, 0x00, 0x00, 0x00, 0x00, 0x00, 0x01, 0x87, 0x00, 0x00, 0x17, 0xeb,
    0x30, 0x00, 0x7e, 0xb4, 0x00, 0x06, 0xdb, 0x30, 0x00, 0x00, 0xdd, 0x50, 0x00, 0x00, 0x00, 0x5c,
    0xe7, 0x10, 0x00, 0x00, 0x04, 0xbf, 0xa2, 0x00, 0x00, 0x00, 0x3a, 0x70, 0x00, 0x00, 0x00, 0x00,
    0x00, 0x00, 0x00, 0x00, 0x00, 0x0f, 0xff, 0xff, 0xff, 0x00, 0x33, 0x33, 0x33, 0x30, 0x00, 0x00,
    0x00, 0x00, 0x00, 0xff, 0xff, 0xff, 0xf0, 0x03, 0x33, 0x33, 0x33, 0x00, 0x00, 0x00, 0x00, 0x00,
    0x00, 0x00, 0x00, 0x00, 0x00, 0x00, 0x00, 0x00, 0x00, 0x00, 0x00, 0x00, 0x00, 0x00, 0xc4, 0x00,
    0x00, 0x00, 0x08, 0xeb, 0x30, 0x00, 0x00, 0x01, 0x8e, 0xb3, 0x00, 0x00, 0x00, 0x17, 0xea, 0x20,
    0x00, 0x00, 0x29, 0xf6, 0x00, 0x04, 0xbe, 0x92, 0x00, 0x6d, 0xe7, 0x10, 0x00, 0x0d, 0x61, 0x00,
    0x00, 0x00, 0x00, 0x00, 0x00, 0x00, 0x00, 0x00, 0x00, 0x00, 0x00, 0x6c, 0xee, 0xa2, 0x09, 0x74,
    0x5d, 0xc0, 0x00, 0x00, 0x6f, 0x10, 0x00, 0x07, 0xf0, 0x00, 0x03, 0xea, 0x00, 0x03, 0xec, 0x10,
    0x00, 0xdc, 0x10, 0x00, 0x4f, 0x40, 0x00, 0x02, 0x81, 0x00, 0x00, 0x01, 0x00, 0x00, 0x03, 0xf1,
    0x00, 0x00, 0x3d, 0x10, 0x00, 0x00, 0x00, 0x6b, 0xef, 0xda, 0x30, 0x00, 0x00, 0x2c, 0xe8, 0x43,
    0x5b, 0xf6, 0x00, 0x00, 0xcc, 0x10, 0x00, 0x00, 0x8f, 0x30, 0x07, 0xe2, 0x07, 0xdf, 0xeb, 0x1d,
    0xa0, 0x0d, 0x90, 0x9e, 0x63, 0x8f, 0x27, 0xe0, 0x2f, 0x51, 0xf7, 0x00, 0x5f, 0x25, 0xf1, 0x4f,
    0x34, 0xf3, 0x00, 0x5f, 0x25, 0xf1, 0x4f, 0x34, 0xf3, 0x00, 0x7f, 0x27, 0xe0, 0x3f, 0x51, 0xea,
    0x13, 0xce, 0x4b, 0x90, 0x0d, 0x90, 0x5e, 0xfe, 0x58, 0xfd, 0x10, 0x07, 0xf4, 0x00, 0x21, 0x00,
    0x20, 0x00, 0x00, 0xaf, 0x83, 0x11, 0x25, 0x40, 0x00, 0x00, 0x06, 0xcf, 0xff, 0xfc, 0x30, 0x00,
    0x00, 0x00, 0x01, 0x22, 0x00, 0x00, 0x00, 0x00, 0x00, 0xbe, 0x00, 0x00, 0x00, 0x00, 0x2f, 0xe5,
    0x00, 0x00, 0x00, 0x07, 0xda, 0xa0, 0x00, 0x00, 0x00, 0xd8, 0x5f, 0x10, 0x00, 0x00, 0x3f, 0x30,
    0xe6, 0x00, 0x00, 0x09, 0xc0, 0x09, 0xc0, 0x00, 0x00, 0xe7, 0x11, 0x5f, 0x30, 0x00, 0x5f, 0xff,
    0xff, 0xf8, 0x00, 0x0b, 0xb4, 0x44, 0x4a, 0xd0, 0x01, 0xf5, 0x00, 0x00, 0x3f, 0x40, 0x7e, 0x10,
    0x00, 0x00, 0xca, 0x0c, 0xa0, 0x00, 0x00, 0x07, 0xe1, 0x05, 0xff, 0xff, 0xd9, 0x10, 0x00, 0x5f,
    0x53, 0x47, 0xec, 0x00, 0x05, 0xf2, 0x00, 0x06, 0xf1, 0x00, 0x5f, 0x20, 0x00, 0x6f, 0x00, 0x05,
    0xf2, 0x00, 0x3c, 0x90, 0x00, 0x5f, 0xff, 0xff, 0x91, 0x00, 0x05, 0xf5, 0x33, 0x48, 0xe5, 0x00,
    0x5f, 0x20, 0x00, 0x08, 0xe0, 0x05, 0xf2, 0x00, 0x00, 0x5f, 0x10, 0x5f, 0x20, 0x00, 0x09, 0xe0,
    0x05, 0xf5, 0x33, 0x48, 0xf8, 0x00, 0x5f, 0xff, 0xfe, 0xc6, 0x00, 0x00, 0x06, 0xce, 0xed, 0x80,
    0x00, 0xbe, 0x84, 0x47, 0x90, 0x07, 0xf3, 0x00, 0x00, 0x00, 0x0e, 0x90, 0x00, 0x00, 0x00, 0x2f,
    0x40, 0x00, 0x00, 0x00, 0x4f, 0x30, 0x00, 0x00, 0x00, 0x4f, 0x30, 0x00, 0x00, 0x00, 0x3f, 0x40,
    0x00, 0x00, 0x00, 0x0e, 0x90, 0x00, 0x00, 0x00, 0x08, 0xf3, 0x00, 0x00, 0x00, 0x01, 0xce, 0x74,
    0x46, 0x60, 0x00, 0x17, 0xde, 0xfd, 0x70, 0x05, 0xff, 0xff, 0xda, 0x30, 0x00, 0x05, 0xf5, 0x34,
    0x5b, 0xf7, 0x00, 0x05, 0xf2, 0x00, 0x00, 0x7f, 0x40, 0x05, 0xf2, 0x00, 0x00, 0x0c, 0xb0, 0x05,
    0xf2, 0x00, 0x00, 0x07, 0xf0, 0x05, 0xf2, 0x00, 0x00, 0x05, 0xf1, 0x05, 0xf2, 0x00, 0x00, 0x05,
    0xf1, 0x05, 0xf2, 0x00, 0x00, 0x07, 0xe0, 0x05, 0xf2, 0x00, 0x00, 0x0c, 0xa0, 0x05, 0xf2, 0x00,
    0x00, 0x8f, 0x30, 0x05, 0xf5, 0x34, 0x6c, 0xf6, 0x00, 0x05, 0xff, 0xfe, 0xd9, 0x30, 0x00, 0x05,
    0xff, 0xff, 0xff, 0x10, 0x5f, 0x53, 0x33, 0x30, 0x05, 0xf2, 0x00, 0x00, 0x00, 0x5f, 0x20, 0x00,
    0x00, 0x05, 0xf2, 0x00, 0x00, 0x00, 0x5f, 0xff, 0xff, 0xc0, 0x05, 0xf5, 0x33, 0x32, 0x00, 0x5f,
    0x20, 0x00, 0x00, 0x05, 0xf2, 0x00, 0x00, 0x00, 0x5f, 0x20, 0x00, 0x00, 0x05, 0xf5, 0x33, 0x33,
    0x00, 0x5f, 0xff, 0xff, 0xf1, 0x05, 0xff, 0xff, 0xff, 0x10, 0x5f, 0x53, 0x33, 0x30, 0x05, 0xf2,
    0x00, 0x00, 0x00, 0x5f, 0x20, 0x00, 0x00, 0x05, 0xf2, 0x00, 0x00, 0x00, 0x5f, 0x20, 0x00, 0x00,
    0x05, 0xff, 0xff, 0xfc, 0x00, 0x5f, 0x53, 0x33, 0x20, 0x05, 0xf2, 0x00, 0x00, 0x00, 0x5f, 0x20,
    0x00, 0x00, 0x05, 0xf2, 0x00, 0x00, 0x00, 0x5f, 0x20, 0x00, 0x00, 0x00, 0x04, 0xad, 0xfe, 0xc7,
    0x00, 0x08, 0xfa, 0x54, 0x59, 0x80, 0x05, 0xf5, 0x00, 0x00, 0x00, 0x00, 0xda, 0x00, 0x00, 0x00,
    0x00, 0x2f, 0x50, 0x00, 0x00, 0x00, 0x04, 0xf3, 0x00, 0x00, 0x00, 0x00, 0x4f, 0x30, 0x00, 0xcf,
    0xff, 0x23, 0xf5, 0x00, 0x02, 0x37, 0xf2, 0x0e, 0x90, 0x00, 0x00, 0x5f, 0x20, 0x7f, 0x40, 0x00,
    0x05, 0xf2, 0x00, 0xbf, 0x95, 0x34, 0x9f, 0x20, 0x00, 0x6c, 0xef, 0xec, 0x91, 0x05, 0xf2, 0x00,
    0x00, 0x5f, 0x20, 0x05, 0xf2, 0x00, 0x00, 0x5f, 0x20, 0x05, 0xf2, 0x00, 0x00, 0x5f, 0x20, 0x05,
    0xf2, 0x00, 0x00, 0x5f, 0x20, 0x05, 0xf2, 0x00, 0x00, 0x5f, 0x20, 0x05, 0xff, 0xff, 0xff, 0xff,
    0x20, 0x05, 0xf5, 0x33, 0x33, 0x7f, 0x20, 0x05, 0xf2, 0x00, 0x00, 0x5f, 0x20, 0x05, 0xf2, 0x00,
    0x00, 0x5f, 0x20, 0x05, 0xf2, 0x00, 0x00, 0x5f, 0x20, 0x05, 0xf2, 0x00, 0x00, 0x5f, 0x20, 0x05,
    0xf2, 0x00, 0x00, 0x5f, 0x20, 0x0e, 0xff, 0xf0, 0x00, 0x6f, 0x30, 0x00, 0x5f, 0x20, 0x00, 0x5f,
    0x20, 0x00, 0x5f, 0x20, 0x00, 0x5f, 0x20, 0x00, 0x5f, 0x20, 0x00, 0x5f, 0x20, 0x00, 0x5f, 0x20,
    0x00, 0x5f, 0x20, 0x00, 0x6f, 0x30, 0x0e, 0xff, 0xf0, 0x00, 0x5f, 0x20, 0x00, 0x5f, 0x20, 0x00,
    0x5f, 0x20, 0x00, 0x5f, 0x20, 0x00, 0x5f, 0x20, 0x00, 0x5f, 0x20, 0x00, 0x5f, 0x20, 0x00, 0x5f,
    0x20, 0x00, 0x5f, 0x20, 0x00, 0x5f, 0x20, 0x00, 0x5f, 0x20, 0x00, 0x5f, 0x20, 0x00, 0x5f, 0x10,
    0x11, 0xbd, 0x00, 0xcf, 0xe3, 0x00, 0x12, 0x00, 0x00, 0x05, 0xf2, 0x00, 0x04, 0xf7, 0x00, 0x5f,
    0x20, 0x02, 0xe9, 0x00, 0x05, 0xf2, 0x01, 0xdb, 0x00, 0x00, 0x5f, 0x20, 0xbc, 0x10, 0x00, 0x05,
    0xf2, 0x9d, 0x20, 0x00, 0x00, 0x5f, 0xaf, 0x90, 0x00, 0x00, 0x05, 0xfd, 0x9f, 0x40, 0x00, 0x00,
    0x5f, 0x30, 0xcd, 0x10, 0x00, 0x05, 0xf2, 0x02, 0xe9, 0x00, 0x00, 0x5f, 0x20, 0x06, 0xf5, 0x00,
    0x05, 0xf2, 0x00, 0x0a, 0xe1, 0x00, 0x5f, 0x20, 0x00, 0x1e, 0xb0, 0x05, 0xf2, 0x00, 0x00, 0x00,
    0x5f, 0x20, 0x00, 0x00, 0x05, 0xf2, 0x00, 0x00, 0x00, 0x5f, 0x20, 0x00, 0x00, 0x05, 0xf2, 0x00,
    0x00, 0x00, 0x5f, 0x20, 0x00, 0x00, 0x05, 0xf2, 0x00, 0x00, 0x00, 0x5f, 0x20, 0x00, 0x00, 0x05,
    0xf2, 0x00, 0x00, 0x00, 0x5f, 0x20, 0x00, 0x00, 0x05, 0xf6, 0x55, 0x55, 0x10, 0x5f, 0xff, 0xff,
    0xf2, 0x05, 0xff, 0x20, 0x00, 0x00, 0x3f, 0xf2, 0x00, 0x5f, 0xe7, 0x00, 0x00, 0x09, 0xef, 0x20,
    0x05, 0xfa, 0xd0, 0x00, 0x00, 0xe9, 0xf2, 0x00, 0x5f, 0x5f, 0x30, 0x00, 0x4e, 0x5f, 0x20, 0x05,
    0xf2, 0xd8, 0x00, 0x0a, 0x95, 0xf2, 0x00, 0x5f, 0x27, 0xd0, 0x01, 0xe3, 0x5f, 0x20, 0x05, 0xf2,
    0x2f, 0x40, 0x5d, 0x05, 0xf2, 0x00, 0x5f, 0x20, 0xc9, 0x0b, 0x80, 0x5f, 0x20, 0x05, 0xf2, 0x06,
    0xe1, 0xf3, 0x05, 0xf2, 0x00, 0x5f, 0x20, 0x1f, 0xbd, 0x00, 0x5f, 0x20, 0x05, 0xf2, 0x00, 0xbf,
    0x70, 0x05, 0xf2, 0x00, 0x5f, 0x20, 0x05, 0xf2, 0x00, 0x5f, 0x20, 0x05, 0xfc, 0x00, 0x00, 0x05,
    0xf2, 0x00, 0x5f, 0xf7, 0x00, 0x00, 0x5f, 0x20, 0x05, 0xfb, 0xe2, 0x00, 0x05, 0xf2, 0x00, 0x5f,
    0x3e, 0xb0, 0x00, 0x5f, 0x20, 0x05, 0xf2, 0x5f, 0x50, 0x05, 0xf2, 0x00, 0x5f, 0x20, 0xbe, 0x10,
    0x5f, 0x20, 0x05, 0xf2, 0x02, 0xf9, 0x05, 0xf2, 0x00, 0x5f, 0x20, 0x07, 0xf4, 0x5f, 0x20, 0x05,
    0xf2, 0x00, 0x0d, 0xd5, 0xf2, 0x00, 0x5f, 0x20, 0x00, 0x4f, 0xcf, 0x20, 0x05, 0xf2, 0x00, 0x00,
    0xaf, 0xf2, 0x00, 0x5f, 0x20, 0x00, 0x01, 0xef, 0x20, 0x00, 0x07, 0xce, 0xec, 0x50, 0x00, 0x01,
    0xce, 0x74, 0x48, 0xe9, 0x00, 0x08, 0xe2, 0x00, 0x00, 0x4f, 0x50, 0x0e, 0x80, 0x00, 0x00, 0x0b,
    0xb0, 0x3f, 0x40, 0x00, 0x00, 0x07, 0xf0, 0x4f, 0x30, 0x00, 0x00, 0x06, 0xf1, 0x4f, 0x30, 0x00,
    0x00, 0x05, 0xf1, 0x3f, 0x40, 0x00, 0x00, 0x07, 0xf0, 0x0e, 0x80, 0x00, 0x00, 0x0b, 0xb0, 0x08,
    0xe2, 0x00, 0x00, 0x4f, 0x50, 0x01, 0xce, 0x74, 0x48, 0xe9, 0x00, 0x00, 0x17, 0xdf, 0xec, 0x60,
    0x00, 0x05, 0xff, 0xfe, 0xc7, 0x00, 0x05, 0xf5, 0x34, 0x9f, 0x80, 0x05, 0xf2, 0x00, 0x09, 0xf0,
    0x05, 0xf2, 0x00, 0x05, 0xf1, 0x05, 0xf2, 0x00, 0x07, 0xe0, 0x05, 0xf2, 0x01, 0x6e, 0x80, 0x05,
    0xff, 0xff, 0xe7, 0x00, 0x05, 0xf5, 0x32, 0x00, 0x00, 0x05, 0xf2, 0x00, 0x00, 0x00, 0x05, 0xf2,
    0x00, 0x00, 0x00, 0x05, 0xf2, 0x00, 0x00, 0x00, 0x05, 0xf2, 0x00, 0x00, 0x00, 0x00, 0x07, 0xce,
    0xec, 0x50, 0x00, 0x01, 0xce, 0x74, 0x48, 0xe9, 0x00, 0x08, 0xe2, 0x00, 0x00, 0x4f, 0x50, 0x0e,
    0x80, 0x00, 0x00, 0x0b, 0xb0, 0x3f, 0x40, 0x00, 0x00, 0x07, 0xf0, 0x4f, 0x30, 0x00, 0x00, 0x06,
    0xf1, 0x4f, 0x30, 0x00, 0x00, 0x05, 0xf1, 0x3f, 0x40, 0x00, 0x00, 0x07, 0xf0, 0x0e, 0x80, 0x00,
    0x00, 0x0b, 0xb0, 0x08, 0xe2, 0x00, 0x00, 0x4f, 0x50, 0x01, 0xce, 0x74, 0x48, 0xea, 0x00, 0x00,
    0x17, 0xce, 0xff, 0x60, 0x00, 0x00, 0x00, 0x00, 0x4f, 0x90, 0x00, 0x00, 0x00, 0x00, 0x05, 0xf9,
    0x00, 0x00, 0x00, 0x00, 0x00, 0x58, 0x20, 0x05, 0xff, 0xfe, 0xc7, 0x00, 0x05, 0xf5, 0x34, 0x8f,
    0x90, 0x05, 0xf2, 0x00, 0x08, 0xf0, 0x05, 0xf2, 0x00, 0x05, 0xf1, 0x05, 0xf2, 0x00, 0x08, 0xe0,
    0x05, 0xf2, 0x01, 0x5e, 0x80, 0x05, 0xff, 0xff, 0xf7, 0x00, 0x05, 0xf5, 0x36, 0xf4, 0x00, 0x05,
    0xf2, 0x00, 0xbd, 0x00, 0x05, 0xf2, 0x00, 0x2f, 0x70, 0x05, 0xf2, 0x00, 0x08, 0xe2, 0x05, 0xf2,
    0x00, 0x01, 0xea, 0x01, 0x9d, 0xfe, 0xc6, 0x00, 0xcd, 0x64, 0x58, 0x70, 0x4f, 0x40, 0x00, 0x00,
    0x03, 0xf4, 0x00, 0x00, 0x00, 0x1d, 0xd4, 0x00, 0x00, 0x00, 0x3d, 0xfc, 0x61, 0x00, 0x00, 0x05,
    0xbf, 0xd3, 0x00, 0x00, 0x00, 0x3d, 0xd0, 0x00, 0x00, 0x00, 0x6f, 0x10, 0x00, 0x00, 0x07, 0xf0,
    0x49, 0x64, 0x47, 0xe8, 0x02, 0xbe, 0xfe, 0xc6, 0x00, 0x0f, 0xff, 0xff, 0xff, 0xff, 0x00, 0x33,
    0x37, 0xf5, 0x33, 0x30, 0x00, 0x00, 0x5f, 0x20, 0x00, 0x00, 0x00, 0x05, 0xf2, 0x00, 0x00, 0x00,
    0x00, 0x5f, 0x20, 0x00, 0x00, 0x00, 0x05, 0xf2, 0x00, 0x00, 0x00, 0x00, 0x5f, 0x20, 0x00, 0x00,
    0x00, 0x05, 0xf2, 0x00, 0x00, 0x00, 0x00, 0x5f, 0x20, 0x00, 0x00, 0x00, 0x05, 0xf2, 0x00, 0x00,
    0x00, 0x00, 0x5f, 0x20, 0x00, 0x00, 0x00, 0x05, 0xf2, 0x00, 0x00, 0x05, 0xf2, 0x00, 0x00, 0x5f,
    0x20, 0x05, 0xf2, 0x00, 0x00, 0x5f, 0x20, 0x05, 0xf2, 0x00, 0x00, 0x5f, 0x20, 0x05, 0xf2, 0x00,
    0x00, 0x5f, 0x20, 0x05, 0xf2, 0x00, 0x00, 0x5f, 0x20, 0x05, 0xf2, 0x00, 0x00, 0x5f, 0x20, 0x05,
    0xf2, 0x00, 0x00, 0x5f, 0x20, 0x05, 0xf2, 0x00, 0x00, 0x5f, 0x20, 0x04, 0xf4, 0x00, 0x00, 0x6f,
    0x10, 0x01, 0xe9, 0x00, 0x00, 0xbc, 0x00, 0x00, 0x7f, 0x94, 0x4a, 0xf4, 0x00, 0x00, 0x06, 0xcf,
    0xeb, 0x40, 0x00, 0xda, 0x00, 0x00, 0x01, 0xf6, 0x7e, 0x10, 0x00, 0x06, 0xf1, 0x2f, 0x50, 0x00,
    0x0b, 0xb0, 0x0c, 0xa0, 0x00, 0x1f, 0x60, 0x07, 0xe1, 0x00, 0x6f, 0x10, 0x02, 0xf5, 0x00, 0xbb,
    0x00, 0x00, 0xca, 0x02, 0xf6, 0x00, 0x00, 0x7e, 0x16, 0xf1, 0x00, 0x00, 0x2f, 0x5b, 0xb0, 0x00,
    0x00, 0x0c, 0xaf, 0x50, 0x00, 0x00, 0x07, 0xff, 0x10, 0x00, 0x00, 0x02, 0xfa, 0x00, 0x00, 0xac,
    0x00, 0x00, 0x8f, 0x40, 0x00, 0x0e, 0x87, 0xf1, 0x00, 0x0c, 0xf8, 0x00, 0x03, 0xf4, 0x3f, 0x50,
    0x01, 0xfc, 0xd0, 0x00, 0x7f, 0x10, 0xe8, 0x00, 0x5f, 0x5f, 0x20, 0x0a, 0xc0, 0x0a, 0xc0, 0x09,
    0xc0, 0xe6, 0x00, 0xe8, 0x00, 0x6f, 0x10, 0xd7, 0x0b, 0xb0, 0x2f, 0x40, 0x03, 0xf4, 0x3f, 0x30,
    0x6e, 0x06, 0xf1, 0x00, 0x0e, 0x87, 0xe0, 0x02, 0xf4, 0xab, 0x00, 0x00, 0xab, 0xaa, 0x00, 0x0d,
    0x8d, 0x80, 0x00, 0x06, 0xed, 0x60, 0x00, 0x8c, 0xf4, 0x00, 0x00, 0x2f, 0xf1, 0x00, 0x04, 0xff,
    0x00, 0x00, 0x00, 0xec, 0x00, 0x00, 0x0e, 0xb0, 0x00, 0x6f, 0x30, 0x00, 0x0c, 0xb0, 0x0c, 0xc0,
    0x00, 0x6f, 0x20, 0x03, 0xf6, 0x01, 0xe7, 0x00, 0x00, 0x8e, 0x19, 0xd0, 0x00, 0x00, 0x1d, 0xbf,
    0x40, 0x00, 0x00, 0x05, 0xfa, 0x00, 0x00, 0x00, 0x09, 0xfe, 0x10, 0x00, 0x00, 0x3f, 0x4d, 0x90,
    0x00, 0x00, 0xca, 0x05, 0xf3, 0x00, 0x06, 0xe2, 0x00, 0xcc, 0x00, 0x1e, 0x70, 0x00, 0x3f, 0x60,
    0xad, 0x00, 0x00, 0x09, 0xe1, 0x0d, 0xa0, 0x00, 0x00, 0xda, 0x05, 0xf3, 0x00, 0x06, 0xf3, 0x00,
    0xcb, 0x00, 0x0d, 0xa0, 0x00, 0x5f, 0x30, 0x6f, 0x20, 0x00, 0x0c, 0xb1, 0xd9, 0x00, 0x00, 0x04,
    0xfa, 0xf2, 0x00, 0x00, 0x00, 0xcf, 0x90, 0x00, 0x00, 0x00, 0x5f, 0x30, 0x00, 0x00, 0x00, 0x5f,
    0x20, 0x00, 0x00, 0x00, 0x5f, 0x20, 0x00, 0x00, 0x00, 0x5f, 0x20, 0x00, 0x00, 0x00, 0x5f, 0x20,
    0x00, 0x0f, 0xff, 0xff, 0xff, 0xf0, 0x03, 0x33, 0x33, 0x4f, 0xa0, 0x00, 0x00, 0x00, 0x9e, 0x20,
    0x00, 0x00, 0x04, 0xf6, 0x00, 0x00, 0x00, 0x0d, 0xc0, 0x00, 0x00, 0x00, 0x8f, 0x30, 0x00, 0x00,
    0x03, 0xf8, 0x00, 0x00, 0x00, 0x0c, 0xd0, 0x00, 0x00, 0x00, 0x6f, 0x40, 0x00, 0x00, 0x02, 0xe9,
    0x00, 0x00, 0x00, 0x0a, 0xf4, 0x33, 0x33, 0x30, 0x0f, 0xff, 0xff, 0xff, 0xf0, 0x05, 0xff, 0xf5,
    0x05, 0xf5, 0x31, 0x05, 0xf2, 0x00, 0x05, 0xf2, 0x00, 0x05, 0xf2, 0x00, 0x05, 0xf2, 0x00, 0x05,
    0xf2, 0x00, 0x05, 0xf2, 0x00, 0x05, 0xf2, 0x00, 0x05, 0xf2, 0x00, 0x05, 0xf2, 0x00, 0x05, 0xf2,
    0x00, 0x05, 0xf2, 0x00, 0x05, 0xff, 0xf5, 0x01, 0x33, 0x31, 0xab, 0x00, 0x00, 0x5f, 0x10, 0x00,
    0x0e, 0x60, 0x00, 0x09, 0xc0, 0x00, 0x04, 0xf2, 0x00, 0x00, 0xd7, 0x00, 0x00, 0x8d, 0x00, 0x00,
    0x3f, 0x30, 0x00, 0x0c, 0x80, 0x00, 0x07, 0xe0, 0x00, 0x02, 0xf4, 0x00, 0x00, 0xba, 0x8f, 0xff,
    0x22, 0x37, 0xf2, 0x00, 0x5f, 0x20, 0x05, 0xf2, 0x00, 0x5f, 0x20, 0x05, 0xf2, 0x00, 0x5f, 0x20,
    0x05, 0xf2, 0x00, 0x5f, 0x20, 0x05, 0xf2, 0x00, 0x5f, 0x20, 0x05, 0xf2, 0x00, 0x5f, 0x28, 0xff,
    0xf2, 0x13, 0x33, 0x00, 0x00, 0x01, 0x70, 0x00, 0x00, 0x00, 0x7f, 0x40, 0x00, 0x00, 0x0d, 0x9c,
    0x00, 0x00, 0x05, 0xc0, 0xd4, 0x00, 0x00, 0xc5, 0x06, 0xc0, 0x00, 0x4e, 0x00, 0x0d, 0x40, 0x0b,
    0x80, 0x00, 0x6c, 0x03, 0xf1, 0x00, 0x01, 0xe4, 0x00, 0x00, 0x00, 0x00, 0x00, 0x00, 0x00, 0x00,
    0x00, 0x00, 0x00, 0x00, 0x00, 0x00, 0x00, 0x00, 0x00, 0x00, 0x00, 0x00, 0x00, 0x0f, 0xff, 0xff,
    0xff, 0x33, 0x33, 0x33, 0x30, 0x28, 0x30, 0x00, 0xad, 0x10, 0x00, 0xa9, 0x00, 0x00, 0x00, 0x00,
    0x00, 0x00, 0x00, 0x00, 0x00, 0x00, 0x00, 0x00, 0x00, 0x00, 0x00, 0x00, 0x00, 0x00, 0x00, 0x00,
    0x00, 0x00, 0x00, 0x00, 0x00, 0x00, 0x01, 0x8c, 0xee, 0xa2, 0x00, 0x2b, 0x64, 0x5e, 0xc0, 0x00,
    0x00, 0x00, 0x7f, 0x10, 0x00, 0x00, 0x05, 0xf2, 0x02, 0xad, 0xff, 0xff, 0x21, 0xec, 0x53, 0x37,
    0xf2, 0x4f, 0x30, 0x00, 0x8f, 0x22, 0xfa, 0x44, 0x8d, 0xf2, 0x05, 0xce, 0xe9, 0x1f, 0x20, 0x05,
    0xf2, 0x00, 0x00, 0x00, 0x05, 0xf2, 0x00, 0x00, 0x00, 0x05, 0xf2, 0x00, 0x00, 0x00, 0x05, 0xf4,
    0xbf, 0xd7, 0x00, 0x05, 0xfd, 0x64, 0x8f, 0x60, 0x05, 0xf6, 0x00, 0x0a, 0xd0, 0x05, 0xf3, 0x00,
    0x06, 0xf1, 0x05, 0xf2, 0x00, 0x05, 0xf2, 0x05, 0xf3, 0x00, 0x06, 0xf1, 0x05, 0xf7, 0x00, 0x0a,
    0xd0, 0x05, 0xfd, 0x64, 0x8f, 0x60, 0x05, 0xd2, 0xbf, 0xd7, 0x00, 0x00, 0x6d, 0xfd, 0x80, 0x7f,
    0x74, 0x54, 0x1e, 0x80, 0x00, 0x03, 0xf3, 0x00, 0x00, 0x4f, 0x20, 0x00, 0x03, 0xf3, 0x00, 0x00,
    0x1e, 0x80, 0x00, 0x00, 0x8f, 0x73, 0x56, 0x00, 0x7d, 0xfe, 0x70, 0x00, 0x00, 0x00, 0x5f, 0x20,
    0x00, 0x00, 0x05, 0xf2, 0x00, 0x00, 0x00, 0x5f, 0x20, 0x08, 0xee, 0xa6, 0xf2, 0x09, 0xf7, 0x48,
    0xef, 0x21, 0xf8, 0x00, 0x0a, 0xf2, 0x4f, 0x40, 0x00, 0x6f, 0x24, 0xf2, 0x00, 0x05, 0xf2, 0x4f,
    0x30, 0x00, 0x6f, 0x21, 0xf7, 0x00, 0x09, 0xf2, 0x09, 0xe6, 0x47, 0xdf, 0x20, 0x09, 0xee, 0xa3,
    0xf2, 0x00, 0x6c, 0xfd, 0x60, 0x00, 0x6f, 0x84, 0x7f, 0x60, 0x0e, 0x90, 0x00, 0x9d, 0x03, 0xf4,
    0x00, 0x06, 0xf1, 0x4f, 0xff, 0xff, 0xff, 0x23, 0xf5, 0x33, 0x33, 0x30, 0x0e, 0x70, 0x00, 0x00,
    0x00, 0x6f, 0x84, 0x46, 0x70, 0x00, 0x5c, 0xee, 0xc6, 0x00, 0x00, 0x6d, 0xfc, 0x00, 0x2f, 0x93,
    0x40, 0x04, 0xf2, 0x00, 0x08, 0xef, 0xff, 0x30, 0x37, 0xf5, 0x31, 0x00, 0x5f, 0x20, 0x00, 0x05,
    0xf2, 0x00, 0x00, 0x5f, 0x20, 0x00, 0x05, 0xf2, 0x00, 0x00, 0x5f, 0x20, 0x00, 0x05, 0xf2, 0x00,
    0x00, 0x5f, 0x20, 0x00, 0x00, 0x9e, 0xea, 0x3f, 0x20, 0x8e, 0x64, 0x8e, 0xf2, 0x1e, 0x70, 0x00,
    0xaf, 0x23, 0xf3, 0x00, 0x06, 0xf2, 0x4f, 0x20, 0x00, 0x5f, 0x23, 0xf4, 0x00, 0x06, 0xf2, 0x1e,
    0x80, 0x00, 0x9f, 0x20, 0x8f, 0x64, 0x8e, 0xf2, 0x00, 0x9e, 0xea, 0x6f, 0x20, 0x00, 0x00, 0x05,
    0xf1, 0x00, 0x00, 0x00, 0x9e, 0x00, 0x87, 0x54, 0x8f, 0x80, 0x05, 0xce, 0xfd, 0x70, 0x00, 0x05,
    0xf2, 0x00, 0x00, 0x00, 0x05, 0xf2, 0x00, 0x00, 0x00, 0x05, 0xf2, 0x00, 0x00, 0x00, 0x05, 0xf4,
    0xae, 0xea, 0x20, 0x05, 0xfd, 0x74, 0x5e, 0xc0, 0x05, 0xf7, 0x00, 0x07, 0xf1, 0x05, 0xf3, 0x00,
    0x05, 0xf2, 0x05, 0xf2, 0x00, 0x05, 0xf2, 0x05, 0xf2, 0x00, 0x05, 0xf2, 0x05, 0xf2, 0x00, 0x05,
    0xf2, 0x05, 0xf2, 0x00, 0x05, 0xf2, 0x05, 0xf2, 0x00, 0x05, 0xf2, 0x03, 0xd1, 0x00, 0x2b, 0x00,
    0x00, 0x00, 0x00, 0x5f, 0x20, 0x05, 0xf2, 0x00, 0x5f, 0x20, 0x05, 0xf2, 0x00, 0x5f, 0x20, 0x05,
    0xf2, 0x00, 0x5f, 0x20, 0x05, 0xf2, 0x00, 0x5f, 0x20, 0x00, 0x3d, 0x10, 0x00, 0x2b, 0x00, 0x00,
    0x00, 0x00, 0x00, 0x5f, 0x20, 0x00, 0x5f, 0x20, 0x00, 0x5f, 0x20, 0x00, 0x5f, 0x20, 0x00, 0x5f,
    0x20, 0x00, 0x5f, 0x20, 0x00, 0x5f, 0x20, 0x00, 0x5f, 0x20, 0x00, 0x5f, 0x20, 0x00, 0x5f, 0x20,
    0x00, 0x5f, 0x10, 0x24, 0xae, 0x00, 0x4e, 0xe5, 0x00, 0x05, 0xf2, 0x00, 0x00, 0x00, 0x5f, 0x20,
    0x00, 0x00, 0x05, 0xf2, 0x00, 0x00, 0x00, 0x5f, 0x20, 0x08, 0xe3, 0x05, 0xf2, 0x06, 0xf4, 0x00,
    0x5f, 0x25, 0xf5, 0x00, 0x05, 0xf5, 0xe7, 0x00, 0x00, 0x5f, 0xef, 0x90, 0x00, 0x05, 0xf6, 0x5f,
    0x50, 0x00, 0x5f, 0x20, 0xae, 0x20, 0x05, 0xf2, 0x01, 0xdb, 0x00, 0x5f, 0x20, 0x04, 0xf7, 0x05,
    0xf2, 0x00, 0x5f, 0x20, 0x05, 0xf2, 0x00, 0x5f, 0x20, 0x05, 0xf2, 0x00, 0x5f, 0x20, 0x05, 0xf2,
    0x00, 0x5f, 0x20, 0x05, 0xf2, 0x00, 0x5f, 0x20, 0x05, 0xf2, 0x00, 0x5f, 0x20, 0x05, 0xe3, 0xce,
    0xc3, 0x4c, 0xec, 0x30, 0x05, 0xfc, 0x55, 0xdd, 0xd5, 0x4d, 0xc0, 0x05, 0xf6, 0x00, 0x7f, 0x60,
    0x06, 0xf1, 0x05, 0xf3, 0x00, 0x5f, 0x30, 0x05, 0xf2, 0x05, 0xf2, 0x00, 0x5f, 0x20, 0x05, 0xf2,
    0x05, 0xf2, 0x00, 0x5f, 0x20, 0x05, 0xf2, 0x05, 0xf2, 0x00, 0x5f, 0x20, 0x05, 0xf2, 0x05, 0xf2,
    0x00, 0x5f, 0x20, 0x05, 0xf2, 0x05, 0xf2, 0x00, 0x5f, 0x20, 0x05, 0xf2, 0x05, 0xe2, 0xae, 0xea,
    0x20, 0x05, 0xfd, 0x74, 0x5e, 0xb0, 0x05, 0xf8, 0x00, 0x07, 0xf0, 0x05, 0xf3, 0x00, 0x05, 0xf2,
    0x05, 0xf2, 0x00, 0x05, 0xf2, 0x05, 0xf2, 0x00, 0x05, 0xf2, 0x05, 0xf2, 0x00, 0x05, 0xf2, 0x05,
    0xf2, 0x00, 0x05, 0xf2, 0x05, 0xf2, 0x00, 0x05, 0xf2, 0x00, 0x7d, 0xfc, 0x50, 0x00, 0x8f, 0x74,
    0x8f, 0x50, 0x1e, 0x80, 0x00, 0xac, 0x03, 0xf4, 0x00, 0x06, 0xf1, 0x4f, 0x20, 0x00, 0x5f, 0x23,
    0xf3, 0x00, 0x06, 0xf1, 0x0e, 0x80, 0x00, 0xac, 0x00, 0x7f, 0x64, 0x8f, 0x40, 0x00, 0x7d, 0xfc,
    0x50, 0x00, 0x05, 0xe2, 0xbe, 0xd7, 0x00, 0x05, 0xfd, 0x64, 0x8f, 0x60, 0x05, 0xf6, 0x00, 0x0b,
    0xd0, 0x05, 0xf3, 0x00, 0x06, 0xf1, 0x05, 0xf2, 0x00, 0x05, 0xf2, 0x05, 0xf3, 0x00, 0x07, 0xf1,
    0x05, 0xf7, 0x00, 0x0b, 0xd0, 0x05, 0xfd, 0x64, 0x8f, 0x60, 0x05, 0xf4, 0xbe, 0xd7, 0x00, 0x05,
    0xf2, 0x00, 0x00, 0x00, 0x05, 0xf2, 0x00, 0x00, 0x00, 0x05, 0xf2, 0x00, 0x00, 0x00, 0x05, 0xf2,
    0x00, 0x00, 0x00, 0x00, 0x8e, 0xea, 0x2f, 0x20, 0x8f, 0x74, 0x8d, 0xf2, 0x1f, 0x80, 0x00, 0xaf,
    0x23, 0xf4, 0x00, 0x06, 0xf2, 0x4f, 0x20, 0x00, 0x5f, 0x24, 0xf4, 0x00, 0x05, 0xf2, 0x1f, 0x80,
    0x00, 0x9f, 0x20, 0x9f, 0x74, 0x7e, 0xf2, 0x00, 0x9e, 0xea, 0x6f, 0x20, 0x00, 0x00, 0x05, 0xf2,
    0x00, 0x00, 0x00, 0x5f, 0x20, 0x00, 0x00, 0x05, 0xf2, 0x00, 0x00, 0x00, 0x5f, 0x20, 0x05, 0xe1,
    0xae, 0xa0, 0x5f, 0xb9, 0x42, 0x05, 0xf9, 0x00, 0x00, 0x5f, 0x40, 0x00, 0x05, 0xf2, 0x00, 0x00,
    0x5f, 0x20, 0x00, 0x05, 0xf2, 0x00, 0x00, 0x5f, 0x20, 0x00, 0x05, 0xf2, 0x00, 0x00, 0x04, 0xbe,
    0xec, 0x70, 0x2f, 0xa4, 0x47, 0x60, 0x4f, 0x40, 0x00, 0x00, 0x1c, 0xe7, 0x20, 0x00, 0x01, 0x6d,
    0xfa, 0x20, 0x00, 0x00, 0x4d, 0xd0, 0x00, 0x00, 0x06, 0xf1, 0x49, 0x53, 0x5c, 0xd0, 0x2b, 0xef,
    0xea, 0x20, 0x00, 0xd2, 0x00, 0x03, 0xf2, 0x00, 0x5e, 0xff, 0xfa, 0x27, 0xf5, 0x32, 0x05, 0xf2,
    0x00, 0x05, 0xf2, 0x00, 0x05, 0xf2, 0x00, 0x05, 0xf2, 0x00, 0x04, 0xf3, 0x00, 0x02, 0xfa, 0x33,
    0x00, 0x6d, 0xf9, 0x05, 0xf2, 0x00, 0x05, 0xf2, 0x05, 0xf2, 0x00, 0x05, 0xf2, 0x05, 0xf2, 0x00,
    0x05, 0xf2, 0x05, 0xf2, 0x00, 0x05, 0xf2, 0x05, 0xf2, 0x00, 0x05, 0xf2, 0x05, 0xf2, 0x00, 0x06,
    0xf2, 0x04, 0xf4, 0x00, 0x0a, 0xf2, 0x01, 0xec, 0x54, 0x8e, 0xf2, 0x00, 0x3c, 0xee, 0x93, 0xf2,
    0xca, 0x00, 0x00, 0x8e, 0x07, 0xe1, 0x00, 0x0d, 0x90, 0x2f, 0x50, 0x04, 0xf3, 0x00, 0xbb, 0x00,
    0x9d, 0x00, 0x06, 0xf1, 0x0e, 0x70, 0x00, 0x1e, 0x64, 0xf2, 0x00, 0x00, 0xab, 0x9b, 0x00, 0x00,
    0x04, 0xed, 0x60, 0x00, 0x00, 0x0e, 0xf1, 0x00, 0x00, 0xbb, 0x00, 0x09, 0xf3, 0x00, 0x3f, 0x47,
    0xf0, 0x00, 0xee, 0x80, 0x06, 0xf1, 0x3f, 0x40, 0x3f, 0x8c, 0x00, 0xab, 0x00, 0xe7, 0x08, 0xc3,
    0xf1, 0x0e, 0x70, 0x0a, 0xb0, 0xc7, 0x0e, 0x62, 0xf3, 0x00, 0x6e, 0x2f, 0x30, 0xaa, 0x6e, 0x00,
    0x02, 0xf8, 0xd0, 0x05, 0xea, 0xa0, 0x00, 0x0d, 0xe9, 0x00, 0x1f, 0xe6, 0x00, 0x00, 0x9f, 0x40,
    0x00, 0xcf, 0x20, 0x00, 0x4f, 0x50, 0x00, 0xda, 0x00, 0x8e, 0x10, 0x8e, 0x10, 0x01, 0xda, 0x3f,
    0x50, 0x00, 0x03, 0xfe, 0xa0, 0x00, 0x00, 0x0c, 0xf4, 0x00, 0x00, 0x05, 0xfc, 0xc0, 0x00, 0x01,
    0xe8, 0x2e, 0x70, 0x00, 0xbd, 0x00, 0x6f, 0x30, 0x6f, 0x30, 0x00, 0xbc, 0x00, 0x0e, 0x80, 0x00,
    0x0b, 0xc0, 0x9d, 0x00, 0x01, 0xf7, 0x03, 0xf4, 0x00, 0x6f, 0x10, 0x0c, 0x90, 0x0b, 0xb0, 0x00,
    0x7e, 0x11, 0xf5, 0x00, 0x01, 0xf5, 0x6e, 0x10, 0x00, 0x0a, 0xab, 0xa0, 0x00, 0x00, 0x4e, 0xf4,
    0x00, 0x00, 0x00, 0xde, 0x00, 0x00, 0x00, 0x0d, 0x80, 0x00, 0x00, 0x04, 0xf2, 0x00, 0x00, 0x45,
    0xda, 0x00, 0x00, 0x0e, 0xea, 0x10, 0x00, 0x00, 0x0f, 0xff, 0xff, 0xf0, 0x03, 0x33, 0x3d, 0xb0,
    0x00, 0x00, 0x6e, 0x20, 0x00, 0x02, 0xe6, 0x00, 0x00, 0x0b, 0xa0, 0x00, 0x00, 0x6e, 0x10, 0x00,
    0x02, 0xe4, 0x00, 0x00, 0x0a, 0xb3, 0x33, 0x30, 0x0f, 0xff, 0xff, 0xf0, 0x00, 0x04, 0xca, 0x00,
    0x1e, 0xb3, 0x00, 0x4f, 0x30, 0x00, 0x5f, 0x20, 0x00, 0x5f, 0x20, 0x00, 0x5f, 0x20, 0x02, 0xbd,
    0x00, 0x5f, 0xc2, 0x00, 0x15, 0xcc, 0x00, 0x00, 0x5f, 0x20, 0x00, 0x5f, 0x20, 0x00, 0x5f, 0x20,
    0x00, 0x3f, 0x81, 0x00, 0x08, 0xfa, 0x00, 0x00, 0x01, 0x00, 0x05, 0xf2, 0x00, 0x00, 0x00, 0x5f,
    0x20, 0x00, 0x00, 0x05, 0xf2, 0x00, 0x00, 0x00, 0x5f, 0x20, 0x00, 0x00, 0x05, 0xf2, 0x00, 0x00,
    0x00, 0x5f, 0x20, 0x00, 0x00, 0x05, 0xf2, 0x00, 0x00, 0x00, 0x5f, 0x20, 0x00, 0x00, 0x05, 0xf2,
    0x00, 0x00, 0x00, 0x5f, 0x20, 0x00, 0x00, 0x05, 0xf2, 0x00, 0x00, 0x00, 0x5f, 0x20, 0x00, 0x00,
    0x05, 0xf2, 0x00, 0x00, 0x00, 0x5f, 0x20, 0x00, 0x00, 0x05, 0xf2, 0x00, 0x00, 0x00, 0x5f, 0x20,
    0x00, 0x5e, 0xa2, 0x00, 0x01, 0x5d, 0xc0, 0x00, 0x00, 0x6f, 0x20, 0x00, 0x05, 0xf2, 0x00, 0x00,
    0x5f, 0x20, 0x00, 0x04, 0xf3, 0x00, 0x00, 0x1e, 0xa1, 0x00, 0x00, 0x3d, 0xf3, 0x00, 0x1d, 0xb4,
    0x10, 0x04, 0xf3, 0x00, 0x00, 0x5f, 0x20, 0x00, 0x05, 0xf2, 0x00, 0x02, 0xbe, 0x10, 0x05, 0xfd,
    0x50, 0x00, 0x12, 0x00, 0x00, 0x00, 0x07, 0xde, 0xb6, 0x12, 0x90, 0x0c, 0x44, 0x9e, 0xff, 0xa0,
    0x00, 0x00, 0x00, 0x21, 0x00, 0x00, 0x00, 0x00, 0x00, 0x00, 0x00, 0x00, 0x00, 0x00, 0x00, 0x00,
    0x00, 0x00, 0x00, 0x00, 0x00, 0x00, 0x00, 0x00, 0x00, 0x3e, 0x13, 0xf1, 0x01, 0x00, 0x00, 0x5f,
    0x25, 0xf2, 0x5f, 0x25, 0xf2, 0x5f, 0x25, 0xf2, 0x5f, 0x25, 0xf2, 0x00, 0x00, 0x5f, 0x20, 0x00,
    0x00, 0x8e, 0xfe, 0x90, 0x00, 0x9f, 0x74, 0x55, 0x00, 0x1f, 0x80, 0x00, 0x00, 0x03, 0xf4, 0x00,
    0x00, 0x00, 0x4f, 0x20, 0x00, 0x00, 0x04, 0xf3, 0x00, 0x00, 0x00, 0x1f, 0x60, 0x00, 0x00, 0x00,
    0xbe, 0x40, 0x24, 0x00, 0x01, 0xbf, 0xff, 0x90, 0x00, 0x00, 0x5f, 0x30, 0x00, 0x00, 0x05, 0xf2,
    0x00, 0x00, 0x02, 0xbe, 0xeb, 0x30, 0x00, 0x0d, 0xc4, 0x5a, 0x30, 0x00, 0x3f, 0x40, 0x00, 0x00,
    0x00, 0x5f, 0x20, 0x00, 0x00, 0x00, 0x5f, 0x20, 0x00, 0x00, 0x00, 0x5f, 0x20, 0x00, 0x00, 0x0f,
    0xff, 0xff, 0xf0, 0x00, 0x03, 0x7f, 0x43, 0x30, 0x00, 0x00, 0x5f, 0x20, 0x00, 0x00, 0x00, 0x7f,
    0x00, 0x00, 0x00, 0x05, 0xe9, 0x33, 0x33, 0x30, 0x0f, 0xff, 0xff, 0xff, 0xf0, 0x01, 0x30, 0x00,
    0x04, 0x00, 0x08, 0xe8, 0xed, 0x8f, 0x40, 0x00, 0xcd, 0x45, 0xe9, 0x00, 0x02, 0xf4, 0x00, 0x7e,
    0x00, 0x03, 0xf4, 0x00, 0x6f, 0x10, 0x00, 0xcb, 0x23, 0xd9, 0x00, 0x06, 0xfb, 0xff, 0xce, 0x30,
    0x03, 0x50, 0x11, 0x06, 0x10, 0x00, 0x00, 0x00, 0x00, 0x00, 0x00, 0x00, 0x00, 0x00, 0x00, 0x1e,
    0x80, 0x00, 0x06, 0xe1, 0x06, 0xe1, 0x00, 0x0d, 0x80, 0x00, 0xc7, 0x00, 0x6f, 0x20, 0x00, 0x4e,
    0x10, 0xd9, 0x00, 0x00, 0x0b, 0x75, 0xf3, 0x00, 0x00, 0x02, 0xdd, 0xb0, 0x00, 0x00, 0xee, 0xff,
    0xfe, 0x00, 0x00, 0x22, 0x6f, 0x42, 0x00, 0x00, 0x00, 0x5f, 0x20, 0x00, 0x00, 0xff, 0xff, 0xff,
    0x00, 0x00, 0x33, 0x7f, 0x43, 0x00, 0x00, 0x00, 0x5f, 0x20, 0x00, 0x00, 0x05, 0xf2, 0x00, 0x00,
    0x00, 0x5f, 0x20, 0x00, 0x00, 0x05, 0xf2, 0x00, 0x00, 0x00, 0x5f, 0x20, 0x00, 0x00, 0x05, 0xf2,
    0x00, 0x00, 0x00, 0x5f, 0x20, 0x00, 0x00, 0x00, 0x00, 0x00, 0x00, 0x00, 0x00, 0x00, 0x00, 0x00,
    0x00, 0x00, 0x00, 0x00, 0x00, 0x00, 0x00, 0x00, 0x00, 0x05, 0xf2, 0x00, 0x00, 0x00, 0x5f, 0x20,
    0x00, 0x00, 0x05, 0xf2, 0x00, 0x00, 0x00, 0x5f, 0x20, 0x00, 0x00, 0x05, 0xf2, 0x00, 0x00, 0x00,
    0x5f, 0x20, 0x00, 0x05, 0xce, 0xfd, 0x80, 0x2f, 0x94, 0x46, 0x60, 0x3f, 0x60, 0x00, 0x00, 0x08,
    0xfc, 0x61, 0x00, 0x0b, 0xb6, 0xce, 0x50, 0x4f, 0x30, 0x09, 0xf1, 0x2f, 0xa1, 0x06, 0xf1, 0x05,
    0xde, 0x9e, 0x60, 0x00, 0x03, 0x9f, 0x80, 0x00, 0x00, 0x07, 0xf1, 0x58, 0x43, 0x5c, 0xd0, 0x3b,
    0xef, 0xda, 0x20, 0x00, 0x00, 0x00, 0x00, 0x00, 0x00, 0x3e, 0x13, 0xe0, 0x00, 0x00, 0x02, 0x00,
    0x20, 0x00, 0x00, 0x00, 0x00, 0x00, 0x00, 0x00, 0x00, 0x00, 0x00, 0x00, 0x00, 0x00, 0x00, 0x00,
    0x00, 0x00, 0x00, 0x00, 0x00, 0x00, 0x00, 0x00, 0x00, 0x00, 0x00, 0x00, 0x00, 0x00, 0x00, 0x00,
    0x00, 0x00, 0x00, 0x00, 0x00, 0x00, 0x00, 0x00, 0x00, 0x00, 0x00, 0x00, 0x00, 0x00, 0x00, 0x00,
    0x00, 0x00, 0x00, 0x00, 0x00, 0x02, 0x8d, 0xee, 0xc7, 0x10, 0x00, 0x00, 0x5e, 0xc6, 0x34, 0x7e,
    0xd2, 0x00, 0x03, 0xf9, 0x19, 0xee, 0xa1, 0xcd, 0x10, 0x0b, 0xc0, 0xae, 0x54, 0x60, 0x1e, 0x80,
    0x2f, 0x61, 0xf6, 0x00, 0x00, 0x09, 0xd0, 0x4f, 0x34, 0xf3, 0x00, 0x00, 0x06, 0xf1, 0x4f, 0x34,
    0xf2, 0x00, 0x00, 0x05, 0xf1, 0x2f, 0x52, 0xf5, 0x00, 0x00, 0x08, 0xe0, 0x0d, 0xb0, 0xbc, 0x21,
    0x30, 0x1d, 0xa0, 0x05, 0xf7, 0x2d, 0xff, 0xa0, 0xae, 0x20, 0x00, 0x7f, 0xa4, 0x33, 0x5c, 0xe5,
    0x00, 0x00, 0x04, 0xbf, 0xff, 0xea, 0x30, 0x00, 0x00, 0x00, 0x01, 0x22, 0x00, 0x00, 0x00, 0x6c,
    0xd7, 0x00, 0x01, 0xe0, 0x6c, 0xbe, 0x0e, 0x11, 0xe0, 0x9c, 0x9d, 0x00, 0x00, 0x00, 0x00, 0x00,
    0x00, 0x00, 0x00, 0x00, 0x00, 0x00, 0x00, 0x00, 0x00, 0x00, 0x00, 0x00, 0x00, 0x00, 0x08, 0x20,
    0x64, 0x00, 0x6e, 0x25, 0xe3, 0x03, 0xe4, 0x3e, 0x60, 0x0d, 0x90, 0xda, 0x00, 0x07, 0xe2, 0x6e,
    0x30, 0x00, 0xac, 0x09, 0xd1, 0x00, 0x1c, 0x40, 0xb6, 0x00, 0x00, 0x00, 0x00, 0x00, 0x00, 0x00,
    0x00, 0x0b, 0xff, 0xff, 0xff, 0xf2, 0x23, 0x33, 0x33, 0x7f, 0x20, 0x00, 0x00, 0x05, 0xf2, 0x00,
    0x00, 0x00, 0x5f, 0x20, 0x00, 0x00, 0x01, 0x30, 0x00, 0x00, 0x00, 0x00, 0x00, 0x00, 0x00, 0x00,
    0x0f, 0xff, 0xf0, 0x03, 0x33, 0x30, 0x00, 0x00, 0x00, 0x00, 0x00, 0x00, 0x00, 0x00, 0x00, 0x00,
    0x02, 0x8d, 0xee, 0xc7, 0x10, 0x00, 0x00, 0x5e, 0xc6, 0x34, 0x7e, 0xd2, 0x00, 0x03, 0xf9, 0x5f,
    0xfd, 0x51, 0xcd, 0x10, 0x0b, 0xc0, 0x5f, 0x4a, 0xe0, 0x1e, 0x80, 0x2f, 0x60, 0x5f, 0x25, 0xf1,
    0x09, 0xd0, 0x4f, 0x30, 0x5f, 0x29, 0xe0, 0x06, 0xf1, 0x4f, 0x30, 0x5f, 0xfe, 0x30, 0x05, 0xf1,
    0x2f, 0x50, 0x5f, 0x5d, 0x30, 0x08, 0xe0, 0x0d, 0xb0, 0x5f, 0x26, 0xd1, 0x1d, 0xa0, 0x05, 0xf7,
    0x39, 0x10, 0x95, 0xae, 0x20, 0x00, 0x7f, 0xa4, 0x11, 0x4c, 0xe5, 0x00, 0x00, 0x04, 0xbf, 0xff,
    0xea, 0x30, 0x00, 0x00, 0x00, 0x01, 0x22, 0x00, 0x00, 0x00, 0x00, 0x00, 0x00, 0x00, 0xff, 0xff,
    0xff, 0xff, 0x33, 0x33, 0x33, 0x33, 0x00, 0x00, 0x00, 0x00, 0x00, 0x00, 0x00, 0x00, 0x00, 0x00,
    0x00, 0x00, 0x00, 0x00, 0x00, 0x00, 0x00, 0x00, 0x00, 0x00, 0x00, 0x00, 0x00, 0x00, 0x00, 0x00,
    0x00, 0x00, 0x00, 0x00, 0x00, 0x00, 0x00, 0x00, 0x00, 0x00, 0x00, 0x00, 0x00, 0x00, 0x00, 0x00,
    0x00, 0x00, 0x00, 0x00, 0x00, 0x00, 0x05, 0xdf, 0xc3, 0x01, 0xf9, 0x3b, 0xd0, 0x4f, 0x30, 0x5f,
    0x12, 0xf7, 0x19, 0xe0, 0x07, 0xff, 0xe5, 0x00, 0x01, 0x20, 0x00, 0x00, 0x00, 0x00, 0x00, 0x00,
    0x00, 0x00, 0x00, 0x00, 0x00, 0x00, 0x00, 0x00, 0x00, 0x00, 0x00, 0x00, 0x00, 0x00, 0x00, 0x00,
    0x00, 0x05, 0xf2, 0x00, 0x00, 0x00, 0x05, 0xf2, 0x00, 0x00, 0x00, 0x05, 0xf2, 0x00, 0x00, 0x00,
    0x05, 0xf2, 0x00, 0x00, 0x0f, 0xff, 0xff, 0xff, 0xf0, 0x03, 0x37, 0xf4, 0x33, 0x30, 0x00, 0x05,
    0xf2, 0x00, 0x00, 0x00, 0x05, 0xf2, 0x00, 0x00, 0x03, 0x33, 0x33, 0x33, 0x30, 0x0f, 0xff, 0xff,
    0xff, 0xf0, 0x06, 0xbb, 0x40, 0x05, 0x11, 0xd0, 0x00, 0x01, 0xd0, 0x00, 0x09, 0x80, 0x00, 0x6b,
    0x00, 0x04, 0xc1, 0x00, 0x0e, 0xdb, 0xb0, 0x00, 0x00, 0x00, 0x00, 0x00, 0x00, 0x00, 0x00, 0x00,
    0x00, 0x00, 0x00, 0x00, 0x00, 0x00, 0x00, 0x00, 0x00, 0x00, 0x00, 0x00, 0x2a, 0xcb, 0x41, 0x50,
    0x2d, 0x00, 0x03, 0xc0, 0x5c, 0xf5, 0x00, 0x03, 0xd2, 0x00, 0x2d, 0x5c, 0xbc, 0x40, 0x00, 0x00,
    0x00, 0x00, 0x00, 0x00, 0x00, 0x00, 0x00, 0x00, 0x00, 0x00, 0x00, 0x00, 0x00, 0x00, 0x00, 0x00,
    0x76, 0x00, 0x7e, 0x30, 0x2d, 0x30, 0x00, 0x00, 0x00, 0x00, 0x00, 0x00, 0x00, 0x00, 0x00, 0x00,
    0x00, 0x00, 0x00, 0x00, 0x00, 0x00, 0x00, 0x00, 0x00, 0x00, 0x00, 0x00, 0x00, 0x00, 0x00, 0x00,
    0x05, 0xf2, 0x00, 0x05, 0xf2, 0x05, 0xf2, 0x00, 0x05, 0xf2, 0x05, 0xf2, 0x00, 0x05, 0xf2, 0x05,
    0xf2, 0x00, 0x05, 0xf2, 0x05, 0xf2, 0x00, 0x05, 0xf2, 0x05, 0xf2, 0x00, 0x06, 0xf2, 0x05, 0xf4,
    0x00, 0x0a, 0xf2, 0x05, 0xfd, 0x54, 0x8e, 0xf2, 0x05, 0xf9, 0xee, 0xa3, 0xf2, 0x05, 0xf2, 0x00,
    0x00, 0x00, 0x05, 0xf2, 0x00, 0x00, 0x00, 0x05, 0xf2, 0x00, 0x00, 0x00, 0x05, 0xf2, 0x00, 0x00,
    0x00, 0x00, 0x5c, 0xff, 0xff, 0xf2, 0x00, 0x3f, 0xff, 0xff, 0x8f, 0x20, 0x09, 0xff, 0xff, 0xf7,
    0xf2, 0x00, 0xbf, 0xff, 0xff, 0x7f, 0x20, 0x0c, 0xff, 0xff, 0xf7, 0xf2, 0x00, 0xaf, 0xff, 0xff,
    0x7f, 0x20, 0x06, 0xff, 0xff, 0xf7, 0xf2, 0x00, 0x0b, 0xff, 0xff, 0x7f, 0x20, 0x00, 0x03, 0x57,
    0xf7, 0xf2, 0x00, 0x00, 0x00, 0x5f, 0x7f, 0x20, 0x00, 0x00, 0x05, 0xf7, 0xf2, 0x00, 0x00, 0x00,
    0x5f, 0x7f, 0x20, 0x00, 0x00, 0x05, 0xf7, 0xf2, 0x00, 0x00, 0x00, 0x5f, 0x7f, 0x20, 0x00, 0x00,
    0x03, 0xb5, 0xb1, 0x00, 0x01, 0x04, 0xf1, 0x3d, 0x10, 0x00, 0x00, 0x00, 0x00, 0x00, 0x00, 0x00,
    0x00, 0x10, 0x00, 0x6a, 0x00, 0x04, 0xbc, 0x02, 0x49, 0xf1, 0x5e, 0xd6, 0x00, 0x01, 0xaf, 0x00,
    0x0c, 0x8e, 0x00, 0x01, 0x0e, 0x00, 0x00, 0x0e, 0x00, 0x00, 0x0e, 0x00, 0x00, 0x0e, 0x00, 0x00,
    0x0e, 0x00, 0x00, 0x00, 0x00, 0x00, 0x00, 0x00, 0x00, 0x00, 0x00, 0x00, 0x00, 0x00, 0x00, 0x00,
    0x00, 0x00, 0x00, 0x00, 0x00, 0x00, 0x00, 0x3b, 0xbb, 0x3c, 0x30, 0x3c, 0xe0, 0x00, 0xeb, 0x40,
    0x4b, 0x2a, 0xba, 0x20, 0x00, 0x00, 0x00, 0x00, 0x00, 0x00, 0x00, 0x00, 0x00, 0x00, 0x00, 0x00,
    0x00, 0x00, 0x00, 0x00, 0x00, 0x47, 0x02, 0x80, 0x00, 0x3e, 0x51, 0xe6, 0x00, 0x05, 0xe3, 0x4e,
    0x30, 0x00, 0xad, 0x09, 0xd0, 0x03, 0xe6, 0x2e, 0x60, 0x1d, 0x90, 0xca, 0x00, 0x6b, 0x04, 0xc1,
    0x00, 0x00, 0x00, 0x00, 0x00, 0x02, 0xcf, 0x20, 0x00, 0x3e, 0x20, 0x03, 0xea, 0xf2, 0x00, 0x0c,
    0x80, 0x00, 0x03, 0x5f, 0x20, 0x05, 0xd1, 0x00, 0x00, 0x05, 0xf2, 0x01, 0xe5, 0x00, 0x00, 0x00,
    0x5f, 0x20, 0x8c, 0x00, 0x00, 0x00, 0x05, 0xf2, 0x2f, 0x30, 0xaf, 0x20, 0x00, 0x5f, 0x2b, 0x90,
    0x6c, 0xf2, 0x00, 0x00, 0x05, 0xe1, 0x2b, 0x5f, 0x20, 0x00, 0x00, 0xd7, 0x0b, 0x25, 0xf2, 0x00,
    0x00, 0x7d, 0x04, 0xff, 0xff, 0xf2, 0x00, 0x2e, 0x40, 0x00, 0x05, 0xf2, 0x00, 0x0a, 0xa0, 0x00,
    0x00, 0x5f, 0x20, 0x02, 0xdf, 0x20, 0x00, 0xc6, 0x00, 0x03, 0xea, 0xf2, 0x00, 0x6d, 0x00, 0x00,
    0x14, 0x5f, 0x20, 0x1d, 0x50, 0x00, 0x00, 0x05, 0xf2, 0x07, 0xc0, 0x00, 0x00, 0x00, 0x5f, 0x21,
    0xe4, 0x00, 0x00, 0x00, 0x05, 0xf2, 0x9a, 0x5c, 0xec, 0x40, 0x00, 0x5f, 0x4e, 0x24, 0x20, 0xae,
    0x00, 0x00, 0x0a, 0x90, 0x00, 0x09, 0xd0, 0x00, 0x04, 0xe1, 0x00, 0x04, 0xe4, 0x00, 0x00, 0xc7,
    0x00, 0x04, 0xe4, 0x00, 0x00, 0x5d, 0x10, 0x05, 0xd3, 0x00, 0x00, 0x0d, 0x60, 0x00, 0xff, 0xff,
    0xf0, 0x01, 0x30, 0x00, 0x03, 0x33, 0x33, 0x00, 0x05, 0xcf, 0xd6, 0x00, 0x01, 0xe4, 0x00, 0x07,
    0x64, 0xaf, 0x10, 0x09, 0xa0, 0x00, 0x00, 0x01, 0x9d, 0x00, 0x2e, 0x20, 0x00, 0x00, 0xff, 0xd2,
    0x00, 0xb8, 0x00, 0x00, 0x00, 0x34, 0xae, 0x04, 0xe1, 0x00, 0x00, 0x03, 0x11, 0x8f, 0x1d, 0x60,
    0x9f, 0x20, 0x0d, 0xff, 0xe7, 0x6c, 0x04, 0xaf, 0x20, 0x00, 0x22, 0x11, 0xe4, 0x1a, 0x5f, 0x20,
    0x00, 0x00, 0x08, 0xa0, 0x94, 0x5f, 0x20, 0x00, 0x00, 0x2e, 0x20, 0xff, 0xff, 0xf2, 0x00, 0x00,
    0xa8, 0x00, 0x00, 0x5f, 0x20, 0x00, 0x04, 0xd1, 0x00, 0x00, 0x5f, 0x20, 0x00, 0x03, 0xe1, 0x00,
    0x00, 0x4f, 0x10, 0x00, 0x00, 0x10, 0x00, 0x00, 0x28, 0x10, 0x00, 0x06, 0xf1, 0x00, 0x01, 0xdc,
    0x00, 0x01, 0xce, 0x20, 0x00, 0xbd, 0x20, 0x00, 0x3f, 0x50, 0x00, 0x04, 0xf3, 0x00, 0x00, 0x1f,
    0xa2, 0x26, 0x50, 0x6e, 0xff, 0xe6, 0x00, 0x13, 0x20, 0x00, 0x00, 0x07, 0x60, 0x00, 0x00, 0x00,
    0x00, 0x5f, 0x40, 0x00, 0x00, 0x00, 0x00, 0x5d, 0x10, 0x00, 0x00, 0x00, 0x00, 0x00, 0x00, 0x00,
    0x00, 0x00, 0xbe, 0x00, 0x00, 0x00, 0x00, 0x2f, 0xe5, 0x00, 0x00, 0x00, 0x07, 0xda, 0xa0, 0x00,
    0x00, 0x00, 0xd8, 0x5f, 0x10, 0x00, 0x00, 0x3f, 0x30, 0xe6, 0x00, 0x00, 0x09, 0xc0, 0x09, 0xc0,
    0x00, 0x00, 0xe7, 0x11, 0x5f, 0x30, 0x00, 0x5f, 0xff, 0xff, 0xf8, 0x00, 0x0b, 0xb4, 0x44, 0x4a,
    0xd0, 0x01, 0xf5, 0x00, 0x00, 0x3f, 0x40, 0x7e, 0x10, 0x00, 0x00, 0xca, 0x0c, 0xa0, 0x00, 0x00,
    0x07, 0xe1, 0x00, 0x00, 0x03, 0x83, 0x00, 0x00, 0x00, 0x00, 0xcb, 0x00, 0x00, 0x00, 0x00, 0x8b,
    0x10, 0x00, 0x00, 0x00, 0x00, 0x00, 0x00, 0x00, 0x00, 0x00, 0xbe, 0x00, 0x00, 0x00, 0x00, 0x2f,
    0xe5, 0x00, 0x00, 0x00, 0x07, 0xda, 0xa0, 0x00, 0x00, 0x00, 0xd8, 0x5f, 0x10, 0x00, 0x00, 0x3f,
    0x30, 0xe6, 0x00, 0x00, 0x09, 0xc0, 0x09, 0xc0, 0x00, 0x00, 0xe7, 0x11, 0x5f, 0x30, 0x00, 0x5f,
    0xff, 0xff, 0xf8, 0x00, 0x0b, 0xb4, 0x44, 0x4a, 0xd0, 0x01, 0xf5, 0x00, 0x00, 0x3f, 0x40, 0x7e,
    0x10, 0x00, 0x00, 0xca, 0x0c, 0xa0, 0x00, 0x00, 0x07, 0xe1, 0x00, 0x00, 0x67, 0x00, 0x00, 0x00,
    0x00, 0x6e, 0xd8, 0x00, 0x00, 0x00, 0x5c, 0x22, 0xc7, 0x00, 0x00, 0x00, 0x00, 0x00, 0x00, 0x00,
    0x00, 0x00, 0xbe, 0x00, 0x00, 0x00, 0x00, 0x2f, 0xe5, 0x00, 0x00, 0x00, 0x07, 0xda, 0xa0, 0x00,
    0x00, 0x00, 0xd8, 0x5f, 0x10, 0x00, 0x00, 0x3f, 0x30, 0xe6, 0x00, 0x00, 0x09, 0xc0, 0x09, 0xc0,
    0x00, 0x00, 0xe7, 0x11, 0x5f, 0x30, 0x00, 0x5f, 0xff, 0xff, 0xf8, 0x00, 0x0b, 0xb4, 0x44, 0x4a,
    0xd0, 0x01, 0xf5, 0x00, 0x00, 0x3f, 0x40, 0x7e, 0x10, 0x00, 0x00, 0xca, 0x0c, 0xa0, 0x00, 0x00,
    0x07, 0xe1, 0x00, 0x00, 0x00, 0x01, 0x00, 0x00, 0x04, 0xee, 0x63, 0xd0, 0x00, 0x00, 0xb5, 0x5d,
    0xf6, 0x00, 0x00, 0x01, 0x00, 0x00, 0x00, 0x00, 0x00, 0x00, 0xbe, 0x00, 0x00, 0x00, 0x00, 0x2f,
    0xe5, 0x00, 0x00, 0x00, 0x07, 0xda, 0xa0, 0x00, 0x00, 0x00, 0xd8, 0x5f, 0x10, 0x00, 0x00, 0x3f,
    0x30, 0xe6, 0x00, 0x00, 0x09, 0xc0, 0x09, 0xc0, 0x00, 0x00, 0xe7, 0x11, 0x5f, 0x30, 0x00, 0x5f,
    0xff, 0xff, 0xf8, 0x00, 0x0b, 0xb4, 0x44, 0x4a, 0xd0, 0x01, 0xf5, 0x00, 0x00, 0x3f, 0x40, 0x7e,
    0x10, 0x00, 0x00, 0xca, 0x0c, 0xa0, 0x00, 0x00, 0x07, 0xe1, 0x00, 0x03, 0xe1, 0x3e, 0x00, 0x00,
    0x00, 0x02, 0x00, 0x20, 0x00, 0x00, 0x00, 0x00, 0x00, 0x00, 0x00, 0x00, 0x00, 0xec, 0x00, 0x00,
    0x00, 0x00, 0x5e, 0xf2, 0x00, 0x00, 0x00, 0x0a, 0xad, 0x80, 0x00, 0x00, 0x01, 0xf5, 0x8d, 0x00,
    0x00, 0x00, 0x6e, 0x12, 0xf4, 0x00, 0x00, 0x0c, 0xa0, 0x0c, 0x90, 0x00, 0x02, 0xf5, 0x11, 0x7e,
    0x00, 0x00, 0x8f, 0xff, 0xff, 0xf5, 0x00, 0x0d, 0xa4, 0x44, 0x4c, 0xb0, 0x04, 0xf3, 0x00, 0x00,
    0x6f, 0x10, 0x9d, 0x00, 0x00, 0x01, 0xf7, 0x0e, 0x70, 0x00, 0x00, 0x0a, 0xc0, 0x00, 0x00, 0xae,
    0x70, 0x00, 0x00, 0x00, 0x3f, 0xaf, 0x10, 0x00, 0x00, 0x04, 0xf9, 0xf1, 0x00, 0x00, 0x00, 0x0d,
    0xfa, 0x00, 0x00, 0x00, 0x00, 0x6f, 0x40, 0x00, 0x00, 0x00, 0x0c, 0xaa, 0x00, 0x00, 0x00, 0x03,
    0xe2, 0xe1, 0x00, 0x00, 0x00, 0x99, 0x0b, 0x70, 0x00, 0x00, 0x1e, 0x30, 0x5d, 0x00, 0x00, 0x06,
    0xd0, 0x01, 0xe4, 0x00, 0x00, 0xcf, 0xff, 0xff, 0xa0, 0x00, 0x3f, 0x33, 0x33, 0x6f, 0x10, 0x09,
    0xb0, 0x00, 0x00, 0xd7, 0x01, 0xe5, 0x00, 0x00, 0x08, 0xd0, 0x7e, 0x10, 0x00, 0x00, 0x3f, 0x40,
    0x00, 0x00, 0x05, 0xff, 0xff, 0xff, 0xfa, 0x00, 0x00, 0x00, 0xca, 0x7f, 0x53, 0x33, 0x20, 0x00,
    0x00, 0x3f, 0x35, 0xf2, 0x00, 0x00, 0x00, 0x00, 0x0a, 0xb0, 0x5f, 0x20, 0x00, 0x00, 0x00, 0x02,
    0xf5, 0x05, 0xf2, 0x00, 0x00, 0x00, 0x00, 0x9d, 0x00, 0x5f, 0xff, 0xff, 0x60, 0x00, 0x1e, 0x70,
    0x05, 0xf5, 0x33, 0x31, 0x00, 0x07, 0xff, 0xff, 0xff, 0x20, 0x00, 0x00, 0x00, 0xe9, 0x33, 0x37,
    0xf2, 0x00, 0x00, 0x00, 0x6f, 0x20, 0x00, 0x5f, 0x20, 0x00, 0x00, 0x0d, 0xa0, 0x00, 0x05, 0xf5,
    0x33, 0x32, 0x04, 0xf3, 0x00, 0x00, 0x5f, 0xff, 0xff, 0xa0, 0x00, 0x06, 0xce, 0xed, 0x80, 0x00,
    0xbe, 0x84, 0x47, 0x90, 0x07, 0xf3, 0x00, 0x00, 0x00, 0x0e, 0x90, 0x00, 0x00, 0x00, 0x2f, 0x40,
    0x00, 0x00, 0x00, 0x4f, 0x30, 0x00, 0x00, 0x00, 0x4f, 0x30, 0x00, 0x00, 0x00, 0x3f, 0x40, 0x00,
    0x00, 0x00, 0x0e, 0x90, 0x00, 0x00, 0x00, 0x08, 0xf3, 0x00, 0x00, 0x00, 0x01, 0xce, 0x74, 0x46,
    0x60, 0x00, 0x17, 0xdf, 0xfd, 0x70, 0x00, 0x00, 0x4a, 0x00, 0x00, 0x00, 0x00, 0x3c, 0xc0, 0x00,
    0x00, 0x00, 0x07, 0xf1, 0x00, 0x00, 0x02, 0xff, 0x90, 0x00, 0x00, 0x00, 0x21, 0x00, 0x00, 0x00,
    0x07, 0x60, 0x00, 0x00, 0x00, 0x5f, 0x40, 0x00, 0x00, 0x00, 0x6d, 0x10, 0x00, 0x00, 0x00, 0x00,
    0x00, 0x05, 0xff, 0xff, 0xff, 0x10, 0x5f, 0x53, 0x33, 0x30, 0x05, 0xf2, 0x00, 0x00, 0x00, 0x5f,
    0x20, 0x00, 0x00, 0x05, 0xf2, 0x00, 0x00, 0x00, 0x5f, 0xff, 0xff, 0xc0, 0x05, 0xf5, 0x33, 0x32,
    0x00, 0x5f, 0x20, 0x00, 0x00, 0x05, 0xf2, 0x00, 0x00, 0x00, 0x5f, 0x20, 0x00, 0x00, 0x05, 0xf5,
    0x33, 0x33, 0x00, 0x5f, 0xff, 0xff, 0xf1, 0x00, 0x00, 0x03, 0x82, 0x00, 0x00, 0x01, 0xda, 0x00,
    0x00, 0x00, 0x9a, 0x00, 0x00, 0x00, 0x00, 0x00, 0x00, 0x05, 0xff, 0xff, 0xff, 0x10, 0x5f, 0x53,
    0x33, 0x30, 0x05, 0xf2, 0x00, 0x00, 0x00, 0x5f, 0x20, 0x00, 0x00, 0x05, 0xf2, 0x00, 0x00, 0x00,
    0x5f, 0xff, 0xff, 0xc0, 0x05, 0xf5, 0x33, 0x32, 0x00, 0x5f, 0x20, 0x00, 0x00, 0x05, 0xf2, 0x00,
    0x00, 0x00, 0x5f, 0x20, 0x00, 0x00, 0x05, 0xf5, 0x33, 0x33, 0x00, 0x5f, 0xff, 0xff, 0xf1, 0x00,
    0x00, 0x77, 0x00, 0x00, 0x00, 0x7e, 0xe7, 0x00, 0x00, 0x5c, 0x22, 0xc6, 0x00, 0x00, 0x00, 0x00,
    0x00, 0x05, 0xff, 0xff, 0xff, 0x10, 0x5f, 0x53, 0x33, 0x30, 0x05, 0xf2, 0x00, 0x00, 0x00, 0x5f,
    0x20, 0x00, 0x00, 0x05, 0xf2, 0x00, 0x00, 0x00, 0x5f, 0xff, 0xff, 0xc0, 0x05, 0xf5, 0x33, 0x32,
    0x00, 0x5f, 0x20, 0x00, 0x00, 0x05, 0xf2, 0x00, 0x00, 0x00, 0x5f, 0x20, 0x00, 0x00, 0x05, 0xf5,
    0x33, 0x33, 0x00, 0x5f, 0xff, 0xff, 0xf1, 0x00, 0x3e, 0x03, 0xe0, 0x00, 0x00, 0x20, 0x02, 0x00,
    0x00, 0x00, 0x00, 0x00, 0x00, 0x5f, 0xff, 0xff, 0xe0, 0x05, 0xf5, 0x33, 0x33, 0x00, 0x5f, 0x20,
    0x00, 0x00, 0x05, 0xf2, 0x00, 0x00, 0x00, 0x5f, 0x20, 0x00, 0x00, 0x05, 0xff, 0xff, 0xf9, 0x00,
    0x5f, 0x53, 0x33, 0x20, 0x05, 0xf2, 0x00, 0x00, 0x00, 0x5f, 0x20, 0x00, 0x00, 0x05, 0xf2, 0x00,
    0x00, 0x00, 0x5f, 0x53, 0x33, 0x30, 0x05, 0xff, 0xff, 0xfe, 0x00, 0x07, 0x81, 0x00, 0x04, 0xe8,
    0x00, 0x00, 0x3d, 0x30, 0x00, 0x00, 0x00, 0x0e, 0xff, 0xf0, 0x00, 0x6f, 0x30, 0x00, 0x5f, 0x20,
    0x00, 0x5f, 0x20, 0x00, 0x5f, 0x20, 0x00, 0x5f, 0x20, 0x00, 0x5f, 0x20, 0x00, 0x5f, 0x20, 0x00,
    0x5f, 0x20, 0x00, 0x5f, 0x20, 0x00, 0x6f, 0x30, 0x0e, 0xff, 0xf0, 0x00, 0x00, 0x72, 0x00, 0x08,
    0xb0, 0x00, 0x3d, 0x10, 0x00, 0x00, 0x00, 0x0e, 0xff, 0xf0, 0x00, 0x6f, 0x30, 0x00, 0x5f, 0x20,
    0x00, 0x5f, 0x20, 0x00, 0x5f, 0x20, 0x00, 0x5f, 0x20, 0x00, 0x5f, 0x20, 0x00, 0x5f, 0x20, 0x00,
    0x5f, 0x20, 0x00, 0x5f, 0x20, 0x00, 0x6f, 0x30, 0x0e, 0xff, 0xf0, 0x00, 0x48, 0x20, 0x04, 0xec,
    0xb0, 0x4d, 0x41, 0xb6, 0x00, 0x00, 0x00, 0x0e, 0xff, 0xf0, 0x00, 0x6f, 0x30, 0x00, 0x5f, 0x20,
    0x00, 0x5f, 0x20, 0x00, 0x5f, 0x20, 0x00, 0x5f, 0x20, 0x00, 0x5f, 0x20, 0x00, 0x5f, 0x20, 0x00,
    0x5f, 0x20, 0x00, 0x5f, 0x20, 0x00, 0x6f, 0x30, 0x0e, 0xff, 0xf0, 0x3e, 0x13, 0xe0, 0x02, 0x00,
    0x20, 0x00, 0x00, 0x00, 0x4f, 0xff, 0xf2, 0x01, 0xd4, 0x00, 0x00, 0xd2, 0x00, 0x00, 0xd2, 0x00,
    0x00, 0xd2, 0x00, 0x00, 0xd2, 0x00, 0x00, 0xd2, 0x00, 0x00, 0xd2, 0x00, 0x00, 0xd2, 0x00, 0x00,
    0xd2, 0x00, 0x01, 0xd3, 0x00, 0x4f, 0xff, 0xe2, 0x05, 0xff, 0xff, 0xd9, 0x30, 0x00, 0x05, 0xf5,
    0x34, 0x6b, 0xf7, 0x00, 0x05, 0xf2, 0x00, 0x00, 0x7f, 0x40, 0x05, 0xf2, 0x00, 0x00, 0x0c, 0xb0,
    0x05, 0xf2, 0x00, 0x00, 0x07, 0xf0, 0x05, 0xf2, 0x00, 0x00, 0x05, 0xf1, 0x0f, 0xff, 0xff, 0x00,
    0x05, 0xf1, 0x07, 0xf4, 0x33, 0x00, 0x07, 0xe0, 0x05, 0xf2, 0x00, 0x00, 0x0c, 0xa0, 0x05, 0xf2,
    0x00, 0x00, 0x8f, 0x30, 0x05, 0xf5, 0x34, 0x6c, 0xf6, 0x00, 0x05, 0xff, 0xfe, 0xd9, 0x20, 0x00,
    0x00, 0x00, 0x00, 0x00, 0x11, 0x00, 0x00, 0x00, 0x1c, 0xf9, 0x3b, 0x40, 0x00, 0x00, 0x06, 0x93,
    0xaf, 0xb0, 0x00, 0x00, 0x00, 0x10, 0x00, 0x00, 0x00, 0x00, 0x05, 0xfc, 0x00, 0x00, 0x05, 0xf2,
    0x00, 0x5f, 0xf7, 0x00, 0x00, 0x5f, 0x20, 0x05, 0xfb, 0xe2, 0x00, 0x05, 0xf2, 0x00, 0x5f, 0x3e,
    0xb0, 0x00, 0x5f, 0x20, 0x05, 0xf2, 0x5f, 0x50, 0x05, 0xf2, 0x00, 0x5f, 0x20, 0xbe, 0x10, 0x5f,
    0x20, 0x05, 0xf2, 0x02, 0xf9, 0x05, 0xf2, 0x00, 0x5f, 0x20, 0x07, 0xf4, 0x5f, 0x20, 0x05, 0xf2,
    0x00, 0x0d, 0xd5, 0xf2, 0x00, 0x5f, 0x20, 0x00, 0x4f, 0xcf, 0x20, 0x05, 0xf2, 0x00, 0x00, 0xaf,
    0xf2, 0x00, 0x5f, 0x20, 0x00, 0x01, 0xef, 0x20, 0x00, 0x01, 0x75, 0x00, 0x00, 0x00, 0x00, 0x00,
    0x7e, 0x20, 0x00, 0x00, 0x00, 0x00, 0x07, 0xc0, 0x00, 0x00, 0x00, 0x00, 0x00, 0x00, 0x00, 0x00,
    0x00, 0x07, 0xce, 0xec, 0x50, 0x00, 0x01, 0xce, 0x74, 0x48, 0xe9, 0x00, 0x08, 0xe2, 0x00, 0x00,
    0x4f, 0x50, 0x0e, 0x80, 0x00, 0x00, 0x0b, 0xb0, 0x3f, 0x40, 0x00, 0x00, 0x07, 0xf0, 0x4f, 0x30,
    0x00, 0x00, 0x06, 0xf1, 0x4f, 0x30, 0x00, 0x00, 0x05, 0xf1, 0x3f, 0x40, 0x00, 0x00, 0x07, 0xf0,
    0x0e, 0x80, 0x00, 0x00, 0x0b, 0xb0, 0x08, 0xe2, 0x00, 0x00, 0x4f, 0x50, 0x01, 0xce, 0x74, 0x48,
    0xe9, 0x00, 0x00, 0x17, 0xdf, 0xec, 0x60, 0x00, 0x00, 0x00, 0x00, 0x48, 0x10, 0x00, 0x00, 0x00,
    0x01, 0xe9, 0x00, 0x00, 0x00, 0x00, 0x0a, 0x90, 0x00, 0x00, 0x00, 0x00, 0x00, 0x00, 0x00, 0x00,
    0x00, 0x07, 0xce, 0xec, 0x50, 0x00, 0x01, 0xce, 0x74, 0x48, 0xe9, 0x00, 0x08, 0xe2, 0x00, 0x00,
    0x4f, 0x50, 0x0e, 0x80, 0x00, 0x00, 0x0b, 0xb0, 0x3f, 0x40, 0x00, 0x00, 0x07, 0xf0, 0x4f, 0x30,
    0x00, 0x00, 0x06, 0xf1, 0x4f, 0x30, 0x00, 0x00, 0x05, 0xf1, 0x3f, 0x40, 0x00, 0x00, 0x07, 0xf0,
    0x0e, 0x80, 0x00, 0x00, 0x0b, 0xb0, 0x08, 0xe2, 0x00, 0x00, 0x4f, 0x50, 0x01, 0xce, 0x74, 0x48,
    0xe9, 0x00, 0x00, 0x17, 0xdf, 0xec, 0x60, 0x00, 0x00, 0x00, 0x07, 0x60, 0x00, 0x00, 0x00, 0x00,
    0x9d, 0xe6, 0x00, 0x00, 0x00, 0x07, 0xb1, 0x3d, 0x50, 0x00, 0x00, 0x00, 0x00, 0x00, 0x00, 0x00,
    0x00, 0x07, 0xce, 0xec, 0x50, 0x00, 0x01, 0xce, 0x74, 0x48, 0xe9, 0x00, 0x08, 0xe2, 0x00, 0x00,
    0x4f, 0x50, 0x0e, 0x80, 0x00, 0x00, 0x0b, 0xb0, 0x3f, 0x40, 0x00, 0x00, 0x07, 0xf0, 0x4f, 0x30,
    0x00, 0x00, 0x06, 0xf1, 0x4f, 0x30, 0x00, 0x00, 0x05, 0xf1, 0x3f, 0x40, 0x00, 0x00, 0x07, 0xf0,
    0x0e, 0x80, 0x00, 0x00, 0x0b, 0xb0, 0x08, 0xe2, 0x00, 0x00, 0x4f, 0x50, 0x01, 0xce, 0x74, 0x48,
    0xe9, 0x00, 0x00, 0x17, 0xdf, 0xec, 0x60, 0x00, 0x00, 0x00, 0x00, 0x00, 0x10, 0x00, 0x00, 0x06,
    0xfd, 0x55, 0xb0, 0x00, 0x00, 0x0d, 0x36, 0xde, 0x40, 0x00, 0x00, 0x01, 0x00, 0x00, 0x00, 0x00,
    0x00, 0x07, 0xce, 0xec, 0x50, 0x00, 0x01, 0xce, 0x74, 0x48, 0xe9, 0x00, 0x08, 0xe2, 0x00, 0x00,
    0x4f, 0x50, 0x0e, 0x80, 0x00, 0x00, 0x0b, 0xb0, 0x3f, 0x40, 0x00, 0x00, 0x07, 0xf0, 0x4f, 0x30,
    0x00, 0x00, 0x06, 0xf1, 0x4f, 0x30, 0x00, 0x00, 0x05, 0xf1, 0x3f, 0x40, 0x00, 0x00, 0x07, 0xf0,
    0x0e, 0x80, 0x00, 0x00, 0x0b, 0xb0, 0x08, 0xe2, 0x00, 0x00, 0x4f, 0x50, 0x01, 0xce, 0x74, 0x48,
    0xe9, 0x00, 0x00, 0x17, 0xdf, 0xec, 0x60, 0x00, 0x00, 0x03, 0xe0, 0x3e, 0x00, 0x00, 0x00, 0x00,
    0x20, 0x02, 0x00, 0x00, 0x00, 0x00, 0x00, 0x00, 0x00, 0x00, 0x00, 0x07, 0xce, 0xec, 0x50, 0x00,
    0x01, 0xce, 0x74, 0x48, 0xe9, 0x00, 0x08, 0xe2, 0x00, 0x00, 0x4f, 0x50, 0x0e, 0x80, 0x00, 0x00,
    0x0b, 0xb0, 0x3f, 0x40, 0x00, 0x00, 0x07, 0xf0, 0x4f, 0x30, 0x00, 0x00, 0x06, 0xf1, 0x4f, 0x30,
    0x00, 0x00, 0x05, 0xf1, 0x3f, 0x40, 0x00, 0x00, 0x07, 0xf0, 0x0e, 0x80, 0x00, 0x00, 0x0b, 0xb0,
    0x08, 0xe2, 0x00, 0x00, 0x4f, 0x50, 0x01, 0xce, 0x74, 0x48, 0xe9, 0x00, 0x00, 0x17, 0xdf, 0xec,
    0x60, 0x00, 0x02, 0x10, 0x00, 0x03, 0x00, 0xbb, 0x10, 0x09, 0xc0, 0x01, 0xcb, 0x09, 0xd2, 0x00,
    0x01, 0xdd, 0xd2, 0x00, 0x00, 0x09, 0xfa, 0x00, 0x00, 0x08, 0xe4, 0xda, 0x00, 0x07, 0xe3, 0x02,
    0xd9, 0x00, 0x63, 0x00, 0x02, 0x80, 0x00, 0x00, 0x00, 0x00, 0x00, 0x00, 0x00, 0x00, 0x00, 0x00,
    0x00, 0x00, 0x00, 0x02, 0x00, 0x00, 0x07, 0xce, 0xec, 0x7e, 0x40, 0x01, 0xbe, 0x74, 0x48, 0xfd,
    0x00, 0x08, 0xe2, 0x00, 0x07, 0xef, 0x60, 0x0e, 0x80, 0x00, 0x3f, 0x4c, 0xc0, 0x3f, 0x40, 0x00,
    0xc9, 0x07, 0xf0, 0x4f, 0x30, 0x08, 0xd1, 0x05, 0xf1, 0x4f, 0x30, 0x3f, 0x30, 0x05, 0xf1, 0x3f,
    0x41, 0xd8, 0x00, 0x07, 0xe0, 0x0e, 0x99, 0xc0, 0x00, 0x0b, 0xb0, 0x09, 0xff, 0x30, 0x00, 0x4f,
    0x50, 0x02, 0xfe, 0x74, 0x48, 0xf9, 0x00, 0x08, 0xc8, 0xde, 0xec, 0x50, 0x00, 0x01, 0x10, 0x00,
    0x00, 0x00, 0x00, 0x00, 0x00, 0x75, 0x00, 0x00, 0x00, 0x00, 0x00, 0x6e, 0x20, 0x00, 0x00, 0x00,
    0x00, 0x07, 0xb0, 0x00, 0x00, 0x00, 0x00, 0x00, 0x00, 0x00, 0x00, 0x05, 0xf2, 0x00, 0x00, 0x5f,
    0x20, 0x05, 0xf2, 0x00, 0x00, 0x5f, 0x20, 0x05, 0xf2, 0x00, 0x00, 0x5f, 0x20, 0x05, 0xf2, 0x00,
    0x00, 0x5f, 0x20, 0x05, 0xf2, 0x00, 0x00, 0x5f, 0x20, 0x05, 0xf2, 0x00, 0x00, 0x5f, 0x20, 0x05,
    0xf2, 0x00, 0x00, 0x5f, 0x20, 0x05, 0xf2, 0x00, 0x00, 0x5f, 0x20, 0x04, 0xf4, 0x00, 0x00, 0x6f,
    0x10, 0x01, 0xe9, 0x00, 0x00, 0xbc, 0x00, 0x00, 0x7f, 0x94, 0x4a, 0xf4, 0x00, 0x00, 0x06, 0xcf,
    0xeb, 0x40, 0x00, 0x00, 0x00, 0x00, 0x47, 0x10, 0x00, 0x00, 0x00, 0x01, 0xe7, 0x00, 0x00, 0x00,
    0x00, 0x0a, 0x80, 0x00, 0x00, 0x00, 0x00, 0x00, 0x00, 0x00, 0x00, 0x05, 0xf2, 0x00, 0x00, 0x5f,
    0x20, 0x05, 0xf2, 0x00, 0x00, 0x5f, 0x20, 0x05, 0xf2, 0x00, 0x00, 0x5f, 0x20, 0x05, 0xf2, 0x00,
    0x00, 0x5f, 0x20, 0x05, 0xf2, 0x00, 0x00, 0x5f, 0x20, 0x05, 0xf2, 0x00, 0x00, 0x5f, 0x20, 0x05,
    0xf2, 0x00, 0x00, 0x5f, 0x20, 0x05, 0xf2, 0x00, 0x00, 0x5f, 0x20, 0x04, 0xf4, 0x00, 0x00, 0x6f,
    0x10, 0x01, 0xe9, 0x00, 0x00, 0xbc, 0x00, 0x00, 0x7f, 0x94, 0x4a, 0xf4, 0x00, 0x00, 0x06, 0xcf,
    0xeb, 0x40, 0x00, 0x00, 0x00, 0x07, 0x60, 0x00, 0x00, 0x00, 0x00, 0x7d, 0xe4, 0x00, 0x00, 0x00,
    0x05, 0xc2, 0x3d, 0x30, 0x00, 0x00, 0x00, 0x00, 0x00, 0x00, 0x00, 0x05, 0xf2, 0x00, 0x00, 0x5f,
    0x20, 0x05, 0xf2, 0x00, 0x00, 0x5f, 0x20, 0x05, 0xf2, 0x00, 0x00, 0x5f, 0x20, 0x05, 0xf2, 0x00,
    0x00, 0x5f, 0x20, 0x05, 0xf2, 0x00, 0x00, 0x5f, 0x20, 0x05, 0xf2, 0x00, 0x00, 0x5f, 0x20, 0x05,
    0xf2, 0x00, 0x00, 0x5f, 0x20, 0x05, 0xf2, 0x00, 0x00, 0x5f, 0x20, 0x04, 0xf4, 0x00, 0x00, 0x6f,
    0x10, 0x01, 0xe9, 0x00, 0x00, 0xbc, 0x00, 0x00, 0x7f, 0x94, 0x4a, 0xf4, 0x00, 0x00, 0x06, 0xcf,
    0xeb, 0x40, 0x00, 0x00, 0x03, 0xe0, 0x3e, 0x00, 0x00, 0x00, 0x00, 0x20, 0x02, 0x00, 0x00, 0x00,
    0x00, 0x00, 0x00, 0x00, 0x00, 0x05, 0xf2, 0x00, 0x00, 0x5f, 0x20, 0x05, 0xf2, 0x00, 0x00, 0x5f,
    0x20, 0x05, 0xf2, 0x00, 0x00, 0x5f, 0x20, 0x05, 0xf2, 0x00, 0x00, 0x5f, 0x20, 0x05, 0xf2, 0x00,
    0x00, 0x5f, 0x20, 0x05, 0xf2, 0x00, 0x00, 0x5f, 0x20, 0x05, 0xf2, 0x00, 0x00, 0x5f, 0x20, 0x05,
    0xf2, 0x00, 0x00, 0x5f, 0x20, 0x04, 0xf4, 0x00, 0x00, 0x6f, 0x10, 0x01, 0xe9, 0x00, 0x00, 0xbc,
    0x00, 0x00, 0x7f, 0x94, 0x4a, 0xf4, 0x00, 0x00, 0x06, 0xcf, 0xeb, 0x40, 0x00, 0x00, 0x00, 0x00,
    0x75, 0x00, 0x00, 0x00, 0x08, 0xe2, 0x00, 0x00, 0x00, 0x3d, 0x30, 0x00, 0x00, 0x00, 0x00, 0x00,
    0x00, 0x0d, 0xa0, 0x00, 0x00, 0xda, 0x05, 0xf3, 0x00, 0x06, 0xf3, 0x00, 0xcb, 0x00, 0x0d, 0xa0,
    0x00, 0x5f, 0x30, 0x6f, 0x20, 0x00, 0x0c, 0xb1, 0xd9, 0x00, 0x00, 0x04, 0xfa, 0xf2, 0x00, 0x00,
    0x00, 0xcf, 0x90, 0x00, 0x00, 0x00, 0x5f, 0x30, 0x00, 0x00, 0x00, 0x5f, 0x20, 0x00, 0x00, 0x00,
    0x5f, 0x20, 0x00, 0x00, 0x00, 0x5f, 0x20, 0x00, 0x00, 0x00, 0x5f, 0x20, 0x00, 0x05, 0xf2, 0x00,
    0x00, 0x00, 0x05, 0xf2, 0x00, 0x00, 0x00, 0x05, 0xff, 0xfe, 0xc7, 0x00, 0x05, 0xf5, 0x34, 0x8f,
    0x80, 0x05, 0xf2, 0x00, 0x08, 0xf0, 0x05, 0xf2, 0x00, 0x05, 0xf1, 0x05, 0xf2, 0x00, 0x07, 0xe0,
    0x05, 0xf2, 0x01, 0x6e, 0x80, 0x05, 0xff, 0xff, 0xe7, 0x00, 0x05, 0xf5, 0x32, 0x00, 0x00, 0x05,
    0xf2, 0x00, 0x00, 0x00, 0x05, 0xf2, 0x00, 0x00, 0x00, 0x00, 0x3a, 0xef, 0xea, 0x20, 0x00, 0x1e,
    0xd5, 0x35, 0xce, 0x00, 0x04, 0xf3, 0x00, 0x06, 0xf1, 0x00, 0x5f, 0x20, 0x02, 0xda, 0x00, 0x05,
    0xf2, 0x03, 0xe9, 0x00, 0x00, 0x5f, 0x20, 0x9e, 0x00, 0x00, 0x05, 0xf2, 0x05, 0xfa, 0x10, 0x00,
    0x5f, 0x20, 0x04, 0xdd, 0x30, 0x05, 0xf2, 0x00, 0x01, 0xbd, 0x00, 0x5f, 0x20, 0x00, 0x05, 0xf1,
    0x05, 0xf2, 0x57, 0x44, 0xce, 0x00, 0x5f, 0x23, 0xce, 0xeb, 0x30, 0x00, 0x23, 0x10, 0x00, 0x00,
    0x03, 0xdb, 0x00, 0x00, 0x00, 0x01, 0xb9, 0x00, 0x00, 0x00, 0x00, 0x00, 0x00, 0x01, 0x8c, 0xee,
    0xa2, 0x00, 0x2b, 0x64, 0x5e, 0xc0, 0x00, 0x00, 0x00, 0x7f, 0x10, 0x00, 0x00, 0x05, 0xf2, 0x02,
    0xad, 0xff, 0xff, 0x21, 0xec, 0x53, 0x37, 0xf2, 0x4f, 0x30, 0x00, 0x8f, 0x22, 0xfa, 0x44, 0x8d,
    0xf2, 0x05, 0xce, 0xe9, 0x1f, 0x20, 0x00, 0x00, 0x02, 0x31, 0x00, 0x00, 0x02, 0xea, 0x00, 0x00,
    0x01, 0xc7, 0x00, 0x00, 0x00, 0x00, 0x00, 0x00, 0x01, 0x8c, 0xee, 0xa2, 0x00, 0x2b, 0x64, 0x5e,
    0xc0, 0x00, 0x00, 0x00, 0x7f, 0x10, 0x00, 0x00, 0x05, 0xf2, 0x02, 0xad, 0xff, 0xff, 0x21, 0xec,
    0x53, 0x37, 0xf2, 0x4f, 0x30, 0x00, 0x8f, 0x22, 0xfa, 0x44, 0x8d, 0xf2, 0x05, 0xce, 0xe9, 0x1f,
    0x20, 0x00, 0x01, 0x31, 0x00, 0x00, 0x01, 0xbe, 0xe3, 0x00, 0x01, 0xb9, 0x16, 0xd4, 0x00, 0x00,
    0x00, 0x00, 0x00, 0x01, 0x8c, 0xee, 0xa2, 0x00, 0x2b, 0x64, 0x5e, 0xc0, 0x00, 0x00, 0x00, 0x7f,
    0x10, 0x00, 0x00, 0x05, 0xf2, 0x02, 0xad, 0xff, 0xff, 0x21, 0xec, 0x53, 0x37, 0xf2, 0x4f, 0x30,
    0x00, 0x8f, 0x22, 0xfa, 0x44, 0x8d, 0xf2, 0x05, 0xce, 0xe9, 0x1f, 0x20, 0x00, 0x00, 0x00, 0x01,
    0x00, 0x0b, 0xfb, 0x45, 0xb0, 0x05, 0xa3, 0x8e, 0xe3, 0x00, 0x10, 0x00, 0x00, 0x00, 0x01, 0x8c,
    0xee, 0xa2, 0x00, 0x2b, 0x64, 0x5e, 0xc0, 0x00, 0x00, 0x00, 0x7f, 0x10, 0x00, 0x00, 0x05, 0xf2,
    0x02, 0xad, 0xff, 0xff, 0x21, 0xec, 0x53, 0x37, 0xf2, 0x4f, 0x30, 0x00, 0x8f, 0x22, 0xfa, 0x44,
    0x8d, 0xf2, 0x05, 0xce, 0xe9, 0x1f, 0x20, 0x00, 0x3e, 0x03, 0xe0, 0x00, 0x00, 0x20, 0x02, 0x00,
    0x00, 0x00, 0x00, 0x00, 0x00, 0x18, 0xce, 0xea, 0x20, 0x02, 0xb6, 0x45, 0xec, 0x00, 0x00, 0x00,
    0x07, 0xf1, 0x00, 0x00, 0x00, 0x5f, 0x20, 0x2a, 0xdf, 0xff, 0xf2, 0x1e, 0xc5, 0x33, 0x7f, 0x24,
    0xf3, 0x00, 0x08, 0xf2, 0x2f, 0xa4, 0x48, 0xdf, 0x20, 0x5c, 0xee, 0x92, 0xf2, 0x00, 0x00, 0x20,
    0x00, 0x00, 0x00, 0xdf, 0xa0, 0x00, 0x00, 0x4f, 0x9f, 0x10, 0x00, 0x03, 0xfa, 0xf1, 0x00, 0x00,
    0x0a, 0xe7, 0x00, 0x00, 0x00, 0x00, 0x00, 0x00, 0x01, 0x8c, 0xee, 0xa2, 0x00, 0x2b, 0x64, 0x5e,
    0xc0, 0x00, 0x00, 0x00, 0x7f, 0x10, 0x00, 0x00, 0x05, 0xf2, 0x02, 0xad, 0xff, 0xff, 0x21, 0xec,
    0x53, 0x37, 0xf2, 0x4f, 0x30, 0x00, 0x8f, 0x22, 0xfa, 0x44, 0x8d, 0xf2, 0x05, 0xce, 0xe9, 0x1f,
    0x20, 0x03, 0xae, 0xeb, 0x17, 0xee, 0x80, 0x00, 0x59, 0x55, 0xdd, 0xe5, 0x5e, 0x70, 0x00, 0x00,
    0x07, 0xf6, 0x00, 0x8d, 0x00, 0x00, 0x00, 0x5f, 0x30, 0x06, 0xf1, 0x03, 0xbe, 0xff, 0xff, 0xff,
    0xff, 0x21, 0xeb, 0x43, 0x7f, 0x53, 0x33, 0x30, 0x4f, 0x30, 0x07, 0xf6, 0x00, 0x00, 0x02, 0xf9,
    0x47, 0xe9, 0xe6, 0x35, 0x70, 0x06, 0xde, 0xb3, 0x07, 0xdf, 0xd6, 0x00, 0x00, 0x6d, 0xfd, 0x80,
    0x7f, 0x74, 0x55, 0x1e, 0x80, 0x00, 0x03, 0xf3, 0x00, 0x00, 0x4f, 0x20, 0x00, 0x03, 0xf3, 0x00,
    0x00, 0x1e, 0x80, 0x00, 0x00, 0x8f, 0x73, 0x56, 0x00, 0x7d, 0xfe, 0x70, 0x00, 0x5a, 0x00, 0x00,
    0x04, 0xcc, 0x00, 0x00, 0x07, 0xf1, 0x00, 0x4f, 0xf9, 0x00, 0x00, 0x21, 0x00, 0x00, 0x23, 0x00,
    0x00, 0x00, 0x04, 0xe7, 0x00, 0x00, 0x00, 0x03, 0xd5, 0x00, 0x00, 0x00, 0x00, 0x00, 0x00, 0x00,
    0x6c, 0xfd, 0x60, 0x00, 0x6f, 0x84, 0x7f, 0x60, 0x0e, 0x90, 0x00, 0x9d, 0x03, 0xf4, 0x00, 0x06,
    0xf1, 0x4f, 0xff, 0xff, 0xff, 0x23, 0xf5, 0x33, 0x33, 0x30, 0x0e, 0x70, 0x00, 0x00, 0x00, 0x6f,
    0x84, 0x46, 0x70, 0x00, 0x5c, 0xee, 0xc6, 0x00, 0x00, 0x00, 0x03, 0x20, 0x00, 0x00, 0x05, 0xf5,
    0x00, 0x00, 0x03, 0xd4, 0x00, 0x00, 0x00, 0x00, 0x00, 0x00, 0x00, 0x6c, 0xfd, 0x60, 0x00, 0x6f,
    0x84, 0x7f, 0x60, 0x0e, 0x90, 0x00, 0x9d, 0x03, 0xf4, 0x00, 0x06, 0xf1, 0x4f, 0xff, 0xff, 0xff,
    0x23, 0xf5, 0x33, 0x33, 0x30, 0x0e, 0x70, 0x00, 0x00, 0x00, 0x6f, 0x84, 0x46, 0x70, 0x00, 0x5c,
    0xee, 0xc6, 0x00, 0x00, 0x01, 0x31, 0x00, 0x00, 0x01, 0xde, 0xb0, 0x00, 0x02, 0xc7, 0x19, 0xb1,
    0x00, 0x00, 0x00, 0x00, 0x00, 0x00, 0x6c, 0xfd, 0x60, 0x00, 0x6f, 0x84, 0x7f, 0x60, 0x0e, 0x90,
    0x00, 0x9d, 0x03, 0xf4, 0x00, 0x06, 0xf1, 0x4f, 0xff, 0xff, 0xff, 0x23, 0xf5, 0x33, 0x33, 0x30,
    0x0e, 0x70, 0x00, 0x00, 0x00, 0x6f, 0x84, 0x46, 0x70, 0x00, 0x5c, 0xee, 0xc6, 0x00, 0x03, 0xe0,
    0x3e, 0x00, 0x00, 0x02, 0x00, 0x20, 0x00, 0x00, 0x00, 0x00, 0x00, 0x00, 0x06, 0xcf, 0xd6, 0x00,
    0x06, 0xf8, 0x47, 0xf6, 0x00, 0xe9, 0x00, 0x09, 0xd0, 0x3f, 0x40, 0x00, 0x6f, 0x14, 0xff, 0xff,
    0xff, 0xf2, 0x3f, 0x53, 0x33, 0x33, 0x00, 0xe7, 0x00, 0x00, 0x00, 0x07, 0xe8, 0x44, 0x65, 0x00,
    0x05, 0xce, 0xec, 0x50, 0x11, 0x00, 0x04, 0xe6, 0x00, 0x03, 0xd4, 0x00, 0x00, 0x00, 0x05, 0xf2,
    0x00, 0x5f, 0x20, 0x05, 0xf2, 0x00, 0x5f, 0x20, 0x05, 0xf2, 0x00, 0x5f, 0x20, 0x05, 0xf2, 0x00,
    0x5f, 0x20, 0x05, 0xf2, 0x00, 0x00, 0x01, 0x10, 0x05, 0xf5, 0x03, 0xd4, 0x00, 0x00, 0x00, 0x05,
    0xf2, 0x00, 0x5f, 0x20, 0x05, 0xf2, 0x00, 0x5f, 0x20, 0x05, 0xf2, 0x00, 0x5f, 0x20, 0x05, 0xf2,
    0x00, 0x5f, 0x20, 0x05, 0xf2, 0x00, 0x00, 0x11, 0x00, 0x00, 0x1c, 0xea, 0x00, 0x1c, 0x71, 0x9a,
    0x00, 0x00, 0x00, 0x00, 0x00, 0x5f, 0x20, 0x00, 0x05, 0xf2, 0x00, 0x00, 0x5f, 0x20, 0x00, 0x05,
    0xf2, 0x00, 0x00, 0x5f, 0x20, 0x00, 0x05, 0xf2, 0x00, 0x00, 0x5f, 0x20, 0x00, 0x05, 0xf2, 0x00,
    0x00, 0x5f, 0x20, 0x00, 0x3e, 0x10, 0x39, 0x02, 0x00, 0x01, 0x00, 0x00, 0x00, 0x00, 0x5f, 0x20,
    0x00, 0x5f, 0x20, 0x00, 0x5f, 0x20, 0x00, 0x5f, 0x20, 0x00, 0x5f, 0x20, 0x00, 0x5f, 0x20, 0x00,
    0x5f, 0x20, 0x00, 0x5f, 0x20, 0x00, 0x5f, 0x20, 0x00, 0x09, 0x40, 0x28, 0x00, 0x00, 0x18, 0xfc,
    0xe8, 0x10, 0x00, 0x17, 0xee, 0xc1, 0x00, 0x00, 0x5b, 0x32, 0xea, 0x00, 0x00, 0x00, 0x00, 0x3f,
    0x30, 0x00, 0x6c, 0xfe, 0xac, 0xa0, 0x08, 0xf7, 0x34, 0x9f, 0xe0, 0x1f, 0x70, 0x00, 0x0a, 0xf1,
    0x4f, 0x30, 0x00, 0x05, 0xf1, 0x4f, 0x30, 0x00, 0x06, 0xf0, 0x1e, 0x70, 0x00, 0x0b, 0xb0, 0x07,
    0xf8, 0x44, 0xaf, 0x30, 0x00, 0x5c, 0xee, 0xb3, 0x00, 0x00, 0x00, 0x00, 0x01, 0x10, 0x00, 0x2d,
    0xe9, 0x3b, 0x40, 0x00, 0x88, 0x3b, 0xfb, 0x00, 0x00, 0x10, 0x00, 0x00, 0x00, 0x05, 0xe2, 0xae,
    0xea, 0x20, 0x05, 0xfd, 0x74, 0x5e, 0xb0, 0x05, 0xf8, 0x00, 0x07, 0xf0, 0x05, 0xf3, 0x00, 0x05,
    0xf2, 0x05, 0xf2, 0x00, 0x05, 0xf2, 0x05, 0xf2, 0x00, 0x05, 0xf2, 0x05, 0xf2, 0x00, 0x05, 0xf2,
    0x05, 0xf2, 0x00, 0x05, 0xf2, 0x05, 0xf2, 0x00, 0x05, 0xf2, 0x00, 0x13, 0x00, 0x00, 0x00, 0x02,
    0xd7, 0x00, 0x00, 0x00, 0x02, 0xc3, 0x00, 0x00, 0x00, 0x00, 0x00, 0x00, 0x00, 0x7d, 0xfc, 0x50,
    0x00, 0x8f, 0x74, 0x8f, 0x50, 0x1e, 0x80, 0x00, 0xac, 0x03, 0xf4, 0x00, 0x06, 0xf1, 0x4f, 0x20,
    0x00, 0x5f, 0x23, 0xf3, 0x00, 0x06, 0xf1, 0x0e, 0x80, 0x00, 0xac, 0x00, 0x7f, 0x64, 0x8f, 0x40,
    0x00, 0x7d, 0xfc, 0x50, 0x00, 0x00, 0x00, 0x03, 0x20, 0x00, 0x00, 0x06, 0xe3, 0x00, 0x00, 0x02,
    0xd3, 0x00, 0x00, 0x00, 0x00, 0x00, 0x00, 0x00, 0x7d, 0xfc, 0x50, 0x00, 0x8f, 0x74, 0x8f, 0x50,
    0x1e, 0x80, 0x00, 0xac, 0x03, 0xf4, 0x00, 0x06, 0xf1, 0x4f, 0x20, 0x00, 0x5f, 0x23, 0xf3, 0x00,
    0x06, 0xf1, 0x0e, 0x80, 0x00, 0xac, 0x00, 0x7f, 0x64, 0x8f, 0x40, 0x00, 0x7d, 0xfc, 0x50, 0x00,
    0x00, 0x01, 0x30, 0x00, 0x00, 0x00, 0xbe, 0x90, 0x00, 0x00, 0xa8, 0x1a, 0x80, 0x00, 0x00, 0x00,
    0x00, 0x00, 0x00, 0x7d, 0xfc, 0x50, 0x00, 0x8f, 0x74, 0x8f, 0x50, 0x1e, 0x80, 0x00, 0xac, 0x03,
    0xf4, 0x00, 0x06, 0xf1, 0x4f, 0x20, 0x00, 0x5f, 0x23, 0xf3, 0x00, 0x06, 0xf1, 0x0e, 0x80, 0x00,
    0xac, 0x00, 0x7f, 0x64, 0x8f, 0x40, 0x00, 0x7d, 0xfc, 0x50, 0x00, 0x00, 0x00, 0x00, 0x10, 0x00,
    0x0a, 0xf9, 0x3d, 0x00, 0x03, 0xb3, 0xaf, 0x80, 0x00, 0x01, 0x00, 0x00, 0x00, 0x00, 0x7d, 0xfc,
    0x50, 0x00, 0x8f, 0x74, 0x8f, 0x50, 0x1e, 0x80, 0x00, 0xac, 0x03, 0xf4, 0x00, 0x06, 0xf1, 0x4f,
    0x20, 0x00, 0x5f, 0x23, 0xf3, 0x00, 0x06, 0xf1, 0x0e, 0x80, 0x00, 0xac, 0x00, 0x7f, 0x64, 0x8f,
    0x40, 0x00, 0x7d, 0xfc, 0x50, 0x00, 0x00, 0x3e, 0x03, 0xe0, 0x00, 0x00, 0x20, 0x02, 0x00, 0x00,
    0x00, 0x00, 0x00, 0x00, 0x07, 0xdf, 0xc5, 0x00, 0x08, 0xf7, 0x46, 0xe5, 0x01, 0xe8, 0x00, 0x04,
    0xc0, 0x3f, 0x40, 0x00, 0x0e, 0x14, 0xf2, 0x00, 0x00, 0xd2, 0x3f, 0x40, 0x00, 0x0e, 0x10, 0xe8,
    0x00, 0x04, 0xc0, 0x07, 0xf7, 0x46, 0xe4, 0x00, 0x07, 0xdf, 0xc5, 0x00, 0x00, 0x03, 0xd1, 0x00,
    0x00, 0x00, 0x03, 0xd1, 0x00, 0x00, 0x00, 0x00, 0x00, 0x00, 0x00, 0x00, 0x00, 0x00, 0x00, 0x00,
    0x0f, 0xff, 0xff, 0xff, 0xf0, 0x03, 0x33, 0x33, 0x33, 0x30, 0x00, 0x03, 0xd1, 0x00, 0x00, 0x00,
    0x03, 0xd1, 0x00, 0x00, 0x00, 0x00, 0x00, 0x00, 0x00, 0x00, 0x00, 0x00, 0x00, 0x00, 0x00, 0x00,
    0x00, 0x11, 0x00, 0x07, 0xde, 0xcb, 0x90, 0x07, 0xf7, 0x4a, 0xf4, 0x01, 0xe8, 0x01, 0xdd, 0xb0,
    0x3f, 0x40, 0x8b, 0x6f, 0x14, 0xf2, 0x3e, 0x25, 0xf2, 0x3f, 0x4c, 0x60, 0x6f, 0x10, 0xed, 0xb0,
    0x0a, 0xc0, 0x07, 0xf8, 0x48, 0xf5, 0x00, 0xca, 0xdf, 0xc5, 0x00, 0x02, 0x00, 0x00, 0x00, 0x00,
    0x00, 0x01, 0x10, 0x00, 0x00, 0x00, 0x04, 0xe7, 0x00, 0x00, 0x00, 0x00, 0x3d, 0x50, 0x00, 0x00,
    0x00, 0x00, 0x00, 0x00, 0x05, 0xf2, 0x00, 0x05, 0xf2, 0x05, 0xf2, 0x00, 0x05, 0xf2, 0x05, 0xf2,
    0x00, 0x05, 0xf2, 0x05, 0xf2, 0x00, 0x05, 0xf2, 0x05, 0xf2, 0x00, 0x05, 0xf2, 0x05, 0xf2, 0x00,
    0x06, 0xf2, 0x04, 0xf4, 0x00, 0x0a, 0xf2, 0x01, 0xec, 0x54, 0x8e, 0xf2, 0x00, 0x3c, 0xee, 0x93,
    0xf2, 0x00, 0x00, 0x00, 0x11, 0x00, 0x00, 0x00, 0x04, 0xf6, 0x00, 0x00, 0x00, 0x2d, 0x40, 0x00,
    0x00, 0x00, 0x00, 0x00, 0x00, 0x05, 0xf2, 0x00, 0x05, 0xf2, 0x05, 0xf2, 0x00, 0x05, 0xf2, 0x05,
    0xf2, 0x00, 0x05, 0xf2, 0x05, 0xf2, 0x00, 0x05, 0xf2, 0x05, 0xf2, 0x00, 0x05, 0xf2, 0x05, 0xf2,
    0x00, 0x06, 0xf2, 0x04, 0xf4, 0x00, 0x0a, 0xf2, 0x01, 0xec, 0x54, 0x8e, 0xf2, 0x00, 0x3c, 0xee,
    0x93, 0xf2, 0x00, 0x00, 0x01, 0x00, 0x00, 0x00, 0x01, 0xce, 0xa0, 0x00, 0x00, 0x1c, 0x71, 0x9b,
    0x10, 0x00, 0x00, 0x00, 0x00, 0x00, 0x05, 0xf2, 0x00, 0x05, 0xf2, 0x05, 0xf2, 0x00, 0x05, 0xf2,
    0x05, 0xf2, 0x00, 0x05, 0xf2, 0x05, 0xf2, 0x00, 0x05, 0xf2, 0x05, 0xf2, 0x00, 0x05, 0xf2, 0x05,
    0xf2, 0x00, 0x06, 0xf2, 0x04, 0xf4, 0x00, 0x0a, 0xf2, 0x01, 0xec, 0x54, 0x8e, 0xf2, 0x00, 0x3c,
    0xee, 0x93, 0xf2, 0x00, 0x0b, 0x13, 0xe0, 0x00, 0x00, 0x01, 0x00, 0x20, 0x00, 0x00, 0x00, 0x00,
    0x00, 0x00, 0x05, 0xf2, 0x00, 0x05, 0xf2, 0x05, 0xf2, 0x00, 0x05, 0xf2, 0x05, 0xf2, 0x00, 0x05,
    0xf2, 0x05, 0xf2, 0x00, 0x05, 0xf2, 0x05, 0xf2, 0x00, 0x05, 0xf2, 0x05, 0xf2, 0x00, 0x06, 0xf2,
    0x04, 0xf4, 0x00, 0x0a, 0xf2, 0x01, 0xec, 0x54, 0x8e, 0xf2, 0x00, 0x4c, 0xfd, 0x69, 0xf2, 0x00,
    0x00, 0x01, 0x10, 0x00, 0x00, 0x00, 0xcc, 0x10, 0x00, 0x00, 0x99, 0x10, 0x00, 0x00, 0x00, 0x00,
    0x00, 0x0e, 0x80, 0x00, 0x0b, 0xc0, 0x9d, 0x00, 0x01, 0xf7, 0x03, 0xf4, 0x00, 0x6f, 0x10, 0x0c,
    0x90, 0x0b, 0xb0, 0x00, 0x7e, 0x11, 0xf5, 0x00, 0x01, 0xf5, 0x6e, 0x10, 0x00, 0x0a, 0xab, 0xa0,
    0x00, 0x00, 0x4e, 0xf4, 0x00, 0x00, 0x00, 0xde, 0x00, 0x00, 0x00, 0x0d, 0x80, 0x00, 0x00, 0x04,
    0xf2, 0x00, 0x00, 0x45, 0xda, 0x00, 0x00, 0x0e, 0xea, 0x10, 0x00, 0x00, 0x05, 0xf2, 0x00, 0x00,
    0x00, 0x05, 0xf2, 0x00, 0x00, 0x00, 0x05, 0xf2, 0x00, 0x00, 0x00, 0x05, 0xf4, 0xbe, 0xd7, 0x00,
    0x05, 0xfd, 0x64, 0x8f, 0x60, 0x05, 0xf7, 0x00, 0x0a, 0xd0, 0x05, 0xf3, 0x00, 0x06, 0xf1, 0x05,
    0xf2, 0x00, 0x05, 0xf2, 0x05, 0xf3, 0x00, 0x06, 0xf1, 0x05, 0xf7, 0x00, 0x0a, 0xd0, 0x05, 0xfd,
    0x74, 0x7f, 0x60, 0x05, 0xf4, 0xbe, 0xd7, 0x00, 0x05, 0xf2, 0x00, 0x00, 0x00, 0x05, 0xf2, 0x00,
    0x00, 0x00, 0x05, 0xf2, 0x00, 0x00, 0x00, 0x05, 0xf2, 0x00, 0x00, 0x00, 0x03, 0xe1, 0x3e, 0x00,
    0x00, 0x20, 0x02, 0x00, 0x00, 0x00, 0x00, 0x00, 0xc9, 0x00, 0x00, 0xbb, 0x7e, 0x00, 0x01, 0xf6,
    0x1f, 0x40, 0x06, 0xf1, 0x0b, 0xa0, 0x0b, 0xb0, 0x05, 0xe1, 0x2f, 0x50, 0x01, 0xe5, 0x6e, 0x10,
    0x00, 0xaa, 0xba, 0x00, 0x00, 0x4e, 0xf5, 0x00, 0x00, 0x0e, 0xe0, 0x00, 0x00, 0x0d, 0x90, 0x00,
    0x00, 0x4f, 0x30, 0x00, 0x35, 0xdb, 0x00, 0x00, 0xbf, 0xb1, 0x00, 0x00, 0x00, 0x02, 0x00, 0x03,
    0x00, 0x00, 0x00, 0xd5, 0x37, 0xc0, 0x00, 0x00, 0x04, 0xdf, 0xc2, 0x00, 0x00, 0x00, 0x00, 0x00,
    0x00, 0x00, 0x00, 0x00, 0x5f, 0x50, 0x00, 0x00, 0x00, 0x0b, 0xea, 0x00, 0x00, 0x00, 0x01, 0xf7,
    0xf1, 0x00, 0x00, 0x00, 0x7d, 0x0e, 0x60, 0x00, 0x00, 0x0d, 0x80, 0x9c, 0x00, 0x00, 0x03, 0xf3,
    0x03, 0xf3, 0x00, 0x00, 0x9d, 0x11, 0x1d, 0x80, 0x00, 0x0e, 0xff, 0xff, 0xfe, 0x00, 0x05, 0xf4,
    0x44, 0x45, 0xf4, 0x00, 0xab, 0x00, 0x00, 0x0c, 0xa0, 0x1f, 0x60, 0x00, 0x00, 0x7e, 0x17, 0xe1,
    0x00, 0x00, 0x02, 0xf6, 0x00, 0x30, 0x00, 0x21, 0x00, 0x0d, 0x63, 0x5d, 0x30, 0x00, 0x4c, 0xfd,
    0x60, 0x00, 0x00, 0x00, 0x00, 0x00, 0x01, 0x8c, 0xee, 0xa2, 0x00, 0x2c, 0x64, 0x5e, 0xc0, 0x00,
    0x00, 0x00, 0x7f, 0x10, 0x00, 0x00, 0x05, 0xf2, 0x02, 0x8c, 0xde, 0xef, 0x21, 0xec, 0x42, 0x16,
    0xf2, 0x4f, 0x30, 0x00, 0x7f, 0x22, 0xf8, 0x11, 0x5d, 0xf2, 0x05, 0xce, 0xe9, 0x2f, 0x20, 0x05,
    0xff, 0xff, 0xd9, 0x30, 0x00, 0x05, 0xf5, 0x34, 0x6b, 0xf7, 0x00, 0x05, 0xf2, 0x00, 0x00, 0x7f,
    0x40, 0x05, 0xf2, 0x00, 0x00, 0x0c, 0xb0, 0x05, 0xf2, 0x00, 0x00, 0x07, 0xf0, 0x05, 0xf2, 0x00,
    0x00, 0x05, 0xf1, 0x0f, 0xff, 0xff, 0x00, 0x05, 0xf1, 0x07, 0xf4, 0x33, 0x00, 0x07, 0xe0, 0x05,
    0xf2, 0x00, 0x00, 0x0c, 0xa0, 0x05, 0xf2, 0x00, 0x00, 0x8f, 0x30, 0x05, 0xf5, 0x34, 0x6c, 0xf6,
    0x00, 0x05, 0xff, 0xfe, 0xd9, 0x20, 0x00, 0x00, 0x00, 0x00, 0x5f, 0x20, 0x00, 0x0f, 0xff, 0xff,
    0xf0, 0x00, 0x03, 0x33, 0x7f, 0x40, 0x00, 0x9e, 0xea, 0x6f, 0x20, 0x09, 0xf7, 0x48, 0xef, 0x20,
    0x1f, 0x80, 0x00, 0xaf, 0x20, 0x4f, 0x40, 0x00, 0x6f, 0x20, 0x4f, 0x20, 0x00, 0x5f, 0x20, 0x4f,
    0x30, 0x00, 0x6f, 0x20, 0x1f, 0x70, 0x00, 0x9f, 0x20, 0x09, 0xe6, 0x47, 0xdf, 0x20, 0x00, 0x9e,
    0xea, 0x3f, 0x20, 0x00, 0x00, 0x01, 0x4e, 0xd6, 0x4b, 0xb5, 0x5d, 0xe4, 0x10, 0x00, 0x00, 0x0e,
    0xff, 0xf0, 0x00, 0x6f, 0x30, 0x00, 0x5f, 0x20, 0x00, 0x5f, 0x20, 0x00, 0x5f, 0x20, 0x00, 0x5f,
    0x20, 0x00, 0x5f, 0x20, 0x00, 0x5f, 0x20, 0x00, 0x5f, 0x20, 0x00, 0x5f, 0x20, 0x00, 0x6f, 0x30,
    0x0e, 0xff, 0xf0, 0x00, 0x00, 0x01, 0x11, 0xcf, 0x93, 0xb4, 0x69, 0x3a, 0xfb, 0x01, 0x00, 0x00,
    0x00, 0x00, 0x5f, 0x20, 0x00, 0x05, 0xf2, 0x00, 0x00, 0x5f, 0x20, 0x00, 0x05, 0xf2, 0x00, 0x00,
    0x5f, 0x20, 0x00, 0x05, 0xf2, 0x00, 0x00, 0x5f, 0x20, 0x00, 0x05, 0xf2, 0x00, 0x00, 0x5f, 0x20,
    0x00, 0x00, 0x00, 0x00, 0x00, 0x10, 0x00, 0x00, 0x04, 0xed, 0x56, 0x80, 0x00, 0x00, 0x0a, 0x46,
    0xee, 0x20, 0x00, 0x00, 0x01, 0x00, 0x00, 0x00, 0x00, 0x05, 0xf2, 0x00, 0x00, 0x5f, 0x20, 0x05,
    0xf2, 0x00, 0x00, 0x5f, 0x20, 0x05, 0xf2, 0x00, 0x00, 0x5f, 0x20, 0x05, 0xf2, 0x00, 0x00, 0x5f,
    0x20, 0x05, 0xf2, 0x00, 0x00, 0x5f, 0x20, 0x05, 0xf2, 0x00, 0x00, 0x5f, 0x20, 0x05, 0xf2, 0x00,
    0x00, 0x5f, 0x20, 0x05, 0xf2, 0x00, 0x00, 0x5f, 0x20, 0x04, 0xf4, 0x00, 0x00, 0x6f, 0x10, 0x01,
    0xe9, 0x00, 0x00, 0xbc, 0x00, 0x00, 0x7f, 0x94, 0x4a, 0xf4, 0x00, 0x00, 0x06, 0xcf, 0xeb, 0x40,
    0x00, 0x00, 0x00, 0x00, 0x00, 0x10, 0x00, 0x1c, 0xf9, 0x3a, 0x50, 0x00, 0x69, 0x3a, 0xfc, 0x00,
    0x00, 0x10, 0x00, 0x00, 0x00, 0x05, 0xf2, 0x00, 0x05, 0xf2, 0x05, 0xf2, 0x00, 0x05, 0xf2, 0x05,
    0xf2, 0x00, 0x05, 0xf2, 0x05, 0xf2, 0x00, 0x05, 0xf2, 0x05, 0xf2, 0x00, 0x05, 0xf2, 0x05, 0xf2,
    0x00, 0x06, 0xf2, 0x04, 0xf4, 0x00, 0x0a, 0xf2, 0x01, 0xec, 0x54, 0x8e, 0xf2, 0x00, 0x3c, 0xee,
    0x93, 0xf2, 0x00, 0x07, 0xce, 0xec, 0x60, 0x3f, 0x60, 0x1b, 0xe7, 0x44, 0x8e, 0xbb, 0xd0, 0x08,
    0xe2, 0x00, 0x00, 0x4f, 0xb1, 0x00, 0xe8, 0x00, 0x00, 0x00, 0xbc, 0x00, 0x3f, 0x40, 0x00, 0x00,
    0x07, 0xf0, 0x04, 0xf3, 0x00, 0x00, 0x00, 0x6f, 0x10, 0x4f, 0x30, 0x00, 0x00, 0x05, 0xf1, 0x03,
    0xf4, 0x00, 0x00, 0x00, 0x7e, 0x00, 0x0e, 0x80, 0x00, 0x00, 0x0b, 0xb0, 0x00, 0x8e, 0x20, 0x00,
    0x04, 0xf5, 0x00, 0x01, 0xce, 0x74, 0x48, 0xe9, 0x00, 0x00, 0x01, 0x7c, 0xee, 0xc6, 0x00, 0x00,
    0x00, 0x00, 0x00, 0x00, 0x75, 0x00, 0x00, 0x00, 0x01, 0xf7, 0x00, 0x7d, 0xfc, 0x45, 0xe1, 0x07,
    0xe6, 0x48, 0xfe, 0x50, 0x1e, 0x70, 0x00, 0xac, 0x00, 0x3f, 0x30, 0x00, 0x6f, 0x00, 0x4f, 0x20,
    0x00, 0x5f, 0x10, 0x3f, 0x30, 0x00, 0x6f, 0x10, 0x0e, 0x70, 0x00, 0xac, 0x00, 0x07, 0xe6, 0x48,
    0xf5, 0x00, 0x00, 0x6d, 0xfc, 0x50, 0x00, 0x05, 0xf2, 0x00, 0x00, 0x5f, 0x26, 0xf2, 0x05, 0xf2,
    0x00, 0x00, 0x5f, 0x8e, 0x90, 0x05, 0xf2, 0x00, 0x00, 0x5f, 0x94, 0x00, 0x05, 0xf2, 0x00, 0x00,
    0x5f, 0x20, 0x00, 0x05, 0xf2, 0x00, 0x00, 0x5f, 0x20, 0x00, 0x05, 0xf2, 0x00, 0x00, 0x5f, 0x20,
    0x00, 0x05, 0xf2, 0x00, 0x00, 0x5f, 0x20, 0x00, 0x05, 0xf2, 0x00, 0x00, 0x5f, 0x20, 0x00, 0x04,
    0xf4, 0x00, 0x00, 0x6f, 0x10, 0x00, 0x01, 0xe9, 0x00, 0x00, 0xbc, 0x00, 0x00, 0x00, 0x6f, 0x94,
    0x49, 0xf4, 0x00, 0x00, 0x00, 0x05, 0xcf, 0xec, 0x40, 0x00, 0x00, 0x00, 0x00, 0x00, 0x00, 0x00,
    0xda, 0x05, 0xf2, 0x00, 0x05, 0xf6, 0xf5, 0x05, 0xf2, 0x00, 0x05, 0xfd, 0x70, 0x05, 0xf2, 0x00,
    0x05, 0xf2, 0x00, 0x05, 0xf2, 0x00, 0x05, 0xf2, 0x00, 0x05, 0xf2, 0x00, 0x05, 0xf2, 0x00, 0x05,
    0xf2, 0x00, 0x06, 0xf2, 0x00, 0x04, 0xf4, 0x00, 0x0a, 0xf2, 0x00, 0x01, 0xec, 0x54, 0x9e, 0xf2,
    0x00, 0x00, 0x3c, 0xee, 0x93, 0xf2, 0x00, 0x67, 0x00, 0x00, 0x00, 0x4e, 0x60, 0x00, 0x00, 0x04,
    0xd2, 0x00, 0x00, 0x00, 0x00, 0x00, 0x00, 0x00, 0x00, 0x00, 0x00, 0x00, 0x00, 0x00, 0x00, 0x00,
    0x00, 0x00, 0x00, 0x00, 0x00, 0x00, 0x00, 0x00, 0x00, 0x00, 0x00, 0x00, 0x00, 0x00, 0x00, 0x00,
    0x00, 0x00, 0x00, 0x00, 0x00, 0x00, 0x00, 0x00, 0x00, 0x00, 0x00, 0x00, 0x67, 0x00, 0x04, 0xf5,
    0x00, 0x1d, 0x50, 0x00, 0x00, 0x00, 0x00, 0x00, 0x00, 0x00, 0x00, 0x00, 0x00, 0x00, 0x00, 0x00,
    0x00, 0x00, 0x00, 0x00, 0x00, 0x00, 0x00, 0x00, 0x00, 0x00, 0x00, 0x00, 0x00, 0x00, 0x00, 0x00,
    0x00, 0x00, 0x00, 0x77, 0x00, 0x07, 0xee, 0x70, 0x5c, 0x22, 0xc6, 0x00, 0x00, 0x00, 0x00, 0x00,
    0x00, 0x00, 0x00, 0x00, 0x00, 0x00, 0x00, 0x00, 0x00, 0x00, 0x00, 0x00, 0x00, 0x00, 0x00, 0x00,
    0x00, 0x00, 0x00, 0x00, 0x00, 0x00, 0x00, 0x00, 0x00, 0x3d, 0xd5, 0x2d, 0x00, 0xb6, 0x6e, 0xf7,
    0x00, 0x20, 0x01, 0x20, 0x00, 0x00, 0x00, 0x00, 0x00, 0x00, 0x00, 0x00, 0x00, 0x00, 0x00, 0x00,
    0x00, 0x00, 0x00, 0x00, 0x00, 0x00, 0x00, 0x00, 0x00, 0x00, 0x00, 0x00, 0x00, 0x00, 0x00, 0x00,
    0x00, 0x00, 0x00, 0x00, 0x00, 0x00, 0x00, 0x00, 0x00, 0xb2, 0x04, 0xa7, 0xff, 0xe4, 0x01, 0x20,
    0x00, 0x00, 0x00, 0x00, 0x00, 0x00, 0x00, 0x00, 0x00, 0x00, 0x00, 0x00, 0x00, 0x00, 0x00, 0x00,
    0x00, 0x00, 0x00, 0x00, 0x00, 0x00, 0x00, 0x00, 0x00, 0x00, 0x02, 0xfe, 0x80, 0x00, 0x03, 0x9f,
    0x10, 0x00, 0x3b, 0xb0, 0x00, 0x08, 0x80, 0x00, 0x00, 0x11, 0x00, 0x00, 0x00, 0x00, 0x00, 0x00,
    0x00, 0x00, 0x00, 0x00, 0x00, 0x00, 0x00, 0x00, 0x00, 0x00, 0x00, 0x00, 0x00, 0x00, 0x00, 0x00,
    0x00, 0x00, 0x00, 0x00, 0x00, 0x00, 0x00, 0x00, 0x00, 0x00, 0x00, 0x00, 0x01, 0xf7, 0x08, 0xf2,
    0xce, 0x50, 0x41, 0x00, 0x00, 0x00, 0x00, 0x00, 0x00, 0x00, 0x00, 0x00, 0x00, 0x00, 0x00, 0x00,
    0x00, 0x00, 0x00, 0x00, 0x00, 0x00, 0x00, 0x00, 0x00, 0x2b, 0x10, 0x00, 0x3d, 0x10, 0x00, 0x00,
    0x00, 0x6f, 0x20, 0x00, 0x00, 0x00, 0x0b, 0xe7, 0x00, 0x00, 0x00, 0x02, 0xf8, 0xd0, 0x00, 0x00,
    0x00, 0x8c, 0x2f, 0x30, 0x00, 0x00, 0x0d, 0x70, 0xc9, 0x00, 0x00, 0x04, 0xf2, 0x07, 0xe0, 0x00,
    0x00, 0x9c, 0x11, 0x3f, 0x50, 0x00, 0x1e, 0xff, 0xff, 0xfa, 0x00, 0x05, 0xf4, 0x44, 0x48, 0xf1,
    0x00, 0xbb, 0x00, 0x00, 0x1f, 0x60, 0x2f, 0x50, 0x00, 0x00, 0xac, 0x07, 0xe0, 0x00, 0x00, 0x05,
    0xf2, 0x00, 0x00, 0x00, 0x00, 0x00, 0x00, 0x00, 0x03, 0xd1, 0x00, 0x00, 0x00, 0x00, 0x2b, 0x00,
    0x00, 0x00, 0x01, 0x8c, 0xee, 0xa2, 0x00, 0x2b, 0x64, 0x5e, 0xc0, 0x00, 0x00, 0x00, 0x7f, 0x10,
    0x00, 0x00, 0x05, 0xf2, 0x02, 0xad, 0xff, 0xff, 0x21, 0xec, 0x53, 0x37, 0xf2, 0x4f, 0x30, 0x00,
    0x8f, 0x22, 0xfa, 0x44, 0x8d, 0xf2, 0x05, 0xce, 0xe9, 0x1f, 0x20, 0x00, 0x00, 0x00, 0x00, 0x00,
    0x03, 0xd1, 0x00, 0x00, 0x00, 0x2b, 0x00, 0x00, 0x00, 0x00, 0x21, 0x00, 0x00, 0x00, 0x00, 0x2f,
    0xfb, 0x00, 0x00, 0x00, 0x00, 0x17, 0xf1, 0x00, 0x00, 0x00, 0x04, 0xc9, 0x00, 0x00, 0x00, 0x00,
    0x77, 0x00, 0x00, 0x00, 0x00, 0x00, 0x00, 0x00, 0x00, 0x00, 0x00, 0xaf, 0x10, 0x00, 0x00, 0x00,
    0x1e, 0xe7, 0x00, 0x00, 0x00, 0x06, 0xe8, 0xd0, 0x00, 0x00, 0x00, 0xb9, 0x2f, 0x40, 0x00, 0x00,
    0x2f, 0x40, 0xaa, 0x00, 0x00, 0x08, 0xd0, 0x04, 0xf1, 0x00, 0x00, 0xd9, 0x11, 0x1d, 0x70, 0x00,
    0x4f, 0xff, 0xff, 0xfd, 0x00, 0x09, 0xc4, 0x44, 0x45, 0xf4, 0x01, 0xe7, 0x00, 0x00, 0x0b, 0xa0,
    0x5f, 0x10, 0x00, 0x00, 0x6f, 0x1b, 0xb0, 0x00, 0x00, 0x01, 0xf7, 0x00, 0x02, 0x20, 0x00, 0x00,
    0x00, 0xef, 0xb0, 0x00, 0x00, 0x00, 0x6f, 0x10, 0x00, 0x00, 0x4c, 0x80, 0x00, 0x00, 0x06, 0x70,
    0x00, 0x00, 0x00, 0x00, 0x00, 0x00, 0x01, 0x8c, 0xee, 0xa2, 0x00, 0x2b, 0x64, 0x5e, 0xc0, 0x00,
    0x00, 0x00, 0x7f, 0x10, 0x00, 0x00, 0x05, 0xf2, 0x02, 0xad, 0xff, 0xff, 0x21, 0xec, 0x53, 0x37,
    0xf2, 0x4f, 0x30, 0x00, 0x8f, 0x22, 0xfa, 0x44, 0x8d, 0xf2, 0x05, 0xce, 0xe9, 0x1f, 0x20, 0x00,
    0x00, 0x00, 0x02, 0x71, 0x00, 0x00, 0x06, 0x71, 0xb6, 0x00, 0x00, 0x05, 0xdb, 0x80, 0x00, 0x00,
    0x02, 0xc2, 0x1b, 0x40, 0x00, 0x00, 0x00, 0x00, 0x00, 0x00, 0x00, 0x00, 0x0b, 0xe0, 0x00, 0x00,
    0x00, 0x02, 0xfe, 0x50, 0x00, 0x00, 0x00, 0x7d, 0xaa, 0x00, 0x00, 0x00, 0x0d, 0x85, 0xf1, 0x00,
    0x00, 0x03, 0xf3, 0x0e, 0x60, 0x00, 0x00, 0x9c, 0x00, 0x9c, 0x00, 0x00, 0x0e, 0x71, 0x15, 0xf3,
    0x00, 0x05, 0xff, 0xff, 0xff, 0x80, 0x00, 0xbb, 0x44, 0x44, 0xad, 0x00, 0x1f, 0x50, 0x00, 0x03,
    0xf4, 0x07, 0xe1, 0x00, 0x00, 0x0c, 0xa0, 0xca, 0x00, 0x00, 0x00, 0x7e, 0x10, 0x00, 0x00, 0x00,
    0x04, 0x90, 0x00, 0x00, 0x11, 0x0d, 0x70, 0x00, 0x0a, 0xed, 0x46, 0x00, 0x00, 0xa9, 0x16, 0xc1,
    0x00, 0x00, 0x00, 0x00, 0x00, 0x00, 0x01, 0x8c, 0xee, 0xa2, 0x00, 0x02, 0xb6, 0x45, 0xec, 0x00,
    0x00, 0x00, 0x00, 0x7f, 0x10, 0x00, 0x00, 0x00, 0x5f, 0x20, 0x02, 0xad, 0xff, 0xff, 0x20, 0x1e,
    0xc5, 0x33, 0x7f, 0x20, 0x4f, 0x30, 0x00, 0x8f, 0x20, 0x2f, 0xa4, 0x48, 0xdf, 0x20, 0x05, 0xce,
    0xe9, 0x1f, 0x20, 0x07, 0x30, 0x00, 0x00, 0x00, 0x00, 0x4c, 0x16, 0x70, 0x00, 0x00, 0x00, 0x05,
    0xcb, 0x80, 0x00, 0x00, 0x02, 0xc2, 0x1b, 0x40, 0x00, 0x00, 0x00, 0x00, 0x00, 0x00, 0x00, 0x00,
    0x0b, 0xe0, 0x00, 0x00, 0x00, 0x02, 0xfe, 0x50, 0x00, 0x00, 0x00, 0x7d, 0xaa, 0x00, 0x00, 0x00,
    0x0d, 0x85, 0xf1, 0x00, 0x00, 0x03, 0xf3, 0x0e, 0x60, 0x00, 0x00, 0x9c, 0x00, 0x9c, 0x00, 0x00,
    0x0e, 0x71, 0x15, 0xf3, 0x00, 0x05, 0xff, 0xff, 0xff, 0x80, 0x00, 0xbb, 0x44, 0x44, 0xad, 0x00,
    0x1f, 0x50, 0x00, 0x03, 0xf4, 0x07, 0xe1, 0x00, 0x00, 0x0c, 0xa0, 0xca, 0x00, 0x00, 0x00, 0x7e,
    0x10, 0x67, 0x00, 0x00, 0x00, 0x02, 0xe2, 0x01, 0x10, 0x00, 0x03, 0x5a, 0xed, 0x20, 0x00, 0x0a,
    0x91, 0x5c, 0x20, 0x00, 0x00, 0x00, 0x00, 0x00, 0x18, 0xce, 0xea, 0x20, 0x02, 0xb6, 0x45, 0xec,
    0x00, 0x00, 0x00, 0x07, 0xf1, 0x00, 0x00, 0x00, 0x5f, 0x20, 0x2a, 0xdf, 0xff, 0xf2, 0x1e, 0xc5,
    0x33, 0x7f, 0x24, 0xf3, 0x00, 0x08, 0xf2, 0x2f, 0xa4, 0x48, 0xdf, 0x20, 0x5c, 0xee, 0x91, 0xf2,
    0x00, 0x00, 0x00, 0x03, 0x10, 0x00, 0x00, 0x00, 0x02, 0xed, 0x00, 0x00, 0x00, 0x00, 0x03, 0xb0,
    0x00, 0x00, 0x1c, 0xe5, 0x80, 0x00, 0x00, 0x1b, 0x62, 0xb5, 0x00, 0x00, 0x00, 0x00, 0x00, 0x00,
    0x00, 0x00, 0x00, 0x8f, 0x30, 0x00, 0x00, 0x00, 0x0d, 0xe8, 0x00, 0x00, 0x00, 0x04, 0xf7, 0xd0,
    0x00, 0x00, 0x00, 0x9b, 0x2f, 0x40, 0x00, 0x00, 0x1e, 0x60, 0xba, 0x00, 0x00, 0x05, 0xf1, 0x06,
    0xe1, 0x00, 0x00, 0xbb, 0x11, 0x2f, 0x60, 0x00, 0x2f, 0xff, 0xff, 0xfb, 0x00, 0x07, 0xe4, 0x44,
    0x47, 0xf2, 0x00, 0xd9, 0x00, 0x00, 0x1e, 0x70, 0x3f, 0x30, 0x00, 0x00, 0x9d, 0x09, 0xd0, 0x00,
    0x00, 0x04, 0xf4, 0x00, 0x00, 0x00, 0x00, 0x00, 0x00, 0x00, 0x08, 0xd1, 0x00, 0x00, 0x00, 0x16,
    0x20, 0x00, 0x01, 0x11, 0x90, 0x00, 0x0a, 0xee, 0x26, 0x00, 0x09, 0x91, 0x5c, 0x20, 0x00, 0x00,
    0x00, 0x00, 0x00, 0x18, 0xce, 0xea, 0x20, 0x02, 0xb6, 0x45, 0xec, 0x00, 0x00, 0x00, 0x07, 0xf1,
    0x00, 0x00, 0x00, 0x5f, 0x20, 0x2a, 0xdf, 0xff, 0xf2, 0x1e, 0xc5, 0x33, 0x7f, 0x24, 0xf3, 0x00,
    0x08, 0xf2, 0x2f, 0xa4, 0x48, 0xdf, 0x20, 0x5c, 0xee, 0x91, 0xf2, 0x00, 0x04, 0x50, 0x14, 0x00,
    0x00, 0x02, 0xdc, 0xdc, 0x50, 0x00, 0x00, 0x23, 0x6b, 0x60, 0x00, 0x00, 0x00, 0x5e, 0xd8, 0x00,
    0x00, 0x00, 0x2c, 0x31, 0xb4, 0x00, 0x00, 0x00, 0x00, 0x00, 0x00, 0x00, 0x00, 0x00, 0xbe, 0x00,
    0x00, 0x00, 0x00, 0x2f, 0xe5, 0x00, 0x00, 0x00, 0x07, 0xda, 0xa0, 0x00, 0x00, 0x00, 0xd8, 0x5f,
    0x10, 0x00, 0x00, 0x3f, 0x30, 0xe6, 0x00, 0x00, 0x09, 0xc0, 0x09, 0xc0, 0x00, 0x00, 0xe7, 0x11,
    0x5f, 0x30, 0x00, 0x5f, 0xff, 0xff, 0xf8, 0x00, 0x0b, 0xb4, 0x44, 0x4a, 0xd0, 0x01, 0xf5, 0x00,
    0x00, 0x3f, 0x40, 0x7e, 0x10, 0x00, 0x00, 0xca, 0x0c, 0xa0, 0x00, 0x00, 0x07, 0xe1, 0x00, 0x00,
    0x00, 0x01, 0x00, 0x07, 0xfb, 0x5a, 0x40, 0x00, 0xc2, 0x7c, 0x90, 0x00, 0x00, 0x01, 0x10, 0x00,
    0x00, 0x0a, 0xed, 0x10, 0x00, 0x0a, 0x91, 0x6c, 0x10, 0x00, 0x00, 0x00, 0x00, 0x00, 0x18, 0xce,
    0xea, 0x20, 0x02, 0xb6, 0x45, 0xec, 0x00, 0x00, 0x00, 0x07, 0xf1, 0x00, 0x00, 0x00, 0x5f, 0x20,
    0x2a, 0xdf, 0xff, 0xf2, 0x1e, 0xc5, 0x33, 0x7f, 0x24, 0xf3, 0x00, 0x08, 0xf2, 0x2f, 0xa4, 0x48,
    0xdf, 0x20, 0x5c, 0xee, 0x91, 0xf2, 0x00, 0x00, 0x37, 0x10, 0x00, 0x00, 0x00, 0x2e, 0xdb, 0x00,
    0x00, 0x00, 0x1c, 0x60, 0xa9, 0x00, 0x00, 0x00, 0x00, 0x00, 0x00, 0x00, 0x00, 0x00, 0x6f, 0x20,
    0x00, 0x00, 0x00, 0x0b, 0xe7, 0x00, 0x00, 0x00, 0x02, 0xf8, 0xd0, 0x00, 0x00, 0x00, 0x8c, 0x2f,
    0x30, 0x00, 0x00, 0x0d, 0x70, 0xc9, 0x00, 0x00, 0x04, 0xf2, 0x07, 0xe0, 0x00, 0x00, 0x9c, 0x11,
    0x3f, 0x50, 0x00, 0x1e, 0xff, 0xff, 0xfa, 0x00, 0x05, 0xf4, 0x44, 0x48, 0xf1, 0x00, 0xbb, 0x00,
    0x00, 0x1f, 0x60, 0x2f, 0x50, 0x00, 0x00, 0xac, 0x07, 0xe0, 0x00, 0x00, 0x05, 0xf2, 0x00, 0x00,
    0x00, 0x00, 0x00, 0x00, 0x00, 0x03, 0xd1, 0x00, 0x00, 0x00, 0x00, 0x2b, 0x00, 0x00, 0x00, 0x00,
    0x00, 0x31, 0x00, 0x00, 0x00, 0xbe, 0xc1, 0x00, 0x01, 0xb8, 0x06, 0xc4, 0x00, 0x00, 0x00, 0x00,
    0x00, 0x01, 0x8c, 0xee, 0xa2, 0x00, 0x2b, 0x64, 0x5e, 0xc0, 0x00, 0x00, 0x00, 0x7f, 0x10, 0x00,
    0x00, 0x05, 0xf2, 0x02, 0xad, 0xff, 0xff, 0x21, 0xec, 0x53, 0x37, 0xf2, 0x4f, 0x30, 0x00, 0x8f,
    0x22, 0xfa, 0x44, 0x8d, 0xf2, 0x05, 0xce, 0xe9, 0x1f, 0x20, 0x00, 0x00, 0x00, 0x00, 0x00, 0x03,
    0xd1, 0x00, 0x00, 0x00, 0x2b, 0x00, 0x00, 0x00, 0x00, 0x04, 0x91, 0x00, 0x00, 0x00, 0x21, 0xb3,
    0x10, 0x00, 0x00, 0x0d, 0x32, 0x88, 0x00, 0x00, 0x00, 0x5d, 0xeb, 0x10, 0x00, 0x00, 0x00, 0x00,
    0x00, 0x00, 0x00, 0x00, 0x08, 0xf2, 0x00, 0x00, 0x00, 0x00, 0xde, 0x80, 0x00, 0x00, 0x00, 0x4f,
    0x7d, 0x00, 0x00, 0x00, 0x0a, 0xb2, 0xf4, 0x00, 0x00, 0x01, 0xe6, 0x0b, 0x90, 0x00, 0x00, 0x6e,
    0x10, 0x6e, 0x10, 0x00, 0x0b, 0xa1, 0x12, 0xf6, 0x00, 0x02, 0xff, 0xff, 0xff, 0xb0, 0x00, 0x7e,
    0x44, 0x44, 0x7f, 0x20, 0x0d, 0x80, 0x00, 0x01, 0xe7, 0x04, 0xf3, 0x00, 0x00, 0x09, 0xd0, 0x9d,
    0x00, 0x00, 0x00, 0x4f, 0x30, 0x00, 0x00, 0x02, 0x10, 0x00, 0x00, 0x03, 0xf5, 0x00, 0x00, 0x20,
    0xb6, 0x10, 0x00, 0x0c, 0x62, 0x4d, 0x10, 0x00, 0x3c, 0xfd, 0x50, 0x00, 0x00, 0x00, 0x00, 0x00,
    0x01, 0x8c, 0xee, 0xa2, 0x00, 0x2c, 0x64, 0x5e, 0xc0, 0x00, 0x00, 0x00, 0x7f, 0x10, 0x00, 0x00,
    0x05, 0xf2, 0x02, 0x8c, 0xde, 0xef, 0x21, 0xec, 0x42, 0x16, 0xf2, 0x4f, 0x30, 0x00, 0x7f, 0x22,
    0xf8, 0x11, 0x5d, 0xf2, 0x05, 0xce, 0xe9, 0x2f, 0x20, 0x00, 0x06, 0x70, 0x00, 0x00, 0x00, 0x00,
    0x2a, 0x31, 0x10, 0x00, 0x00, 0x2c, 0x22, 0xa5, 0x00, 0x00, 0x00, 0x7e, 0xe9, 0x00, 0x00, 0x00,
    0x00, 0x00, 0x00, 0x00, 0x00, 0x00, 0x0b, 0xe0, 0x00, 0x00, 0x00, 0x02, 0xfe, 0x50, 0x00, 0x00,
    0x00, 0x7d, 0xaa, 0x00, 0x00, 0x00, 0x0d, 0x85, 0xf1, 0x00, 0x00, 0x03, 0xf3, 0x0e, 0x60, 0x00,
    0x00, 0x9c, 0x00, 0x9c, 0x00, 0x00, 0x0e, 0x71, 0x15, 0xf3, 0x00, 0x05, 0xff, 0xff, 0xff, 0x80,
    0x00, 0xbb, 0x44, 0x44, 0xad, 0x00, 0x1f, 0x50, 0x00, 0x03, 0xf4, 0x07, 0xe1, 0x00, 0x00, 0x0c,
    0xa0, 0xca, 0x00, 0x00, 0x00, 0x7e, 0x10, 0x00, 0x12, 0x00, 0x00, 0x00, 0x03, 0xe5, 0x00, 0x00,
    0x00, 0x24, 0xc0, 0x10, 0x00, 0x0c, 0x62, 0x4d, 0x10, 0x00, 0x3c, 0xfd, 0x50, 0x00, 0x00, 0x00,
    0x00, 0x00, 0x01, 0x8c, 0xee, 0xa2, 0x00, 0x2c, 0x64, 0x5e, 0xc0, 0x00, 0x00, 0x00, 0x7f, 0x10,
    0x00, 0x00, 0x05, 0xf2, 0x02, 0x8c, 0xde, 0xef, 0x21, 0xec, 0x42, 0x16, 0xf2, 0x4f, 0x30, 0x00,
    0x7f, 0x22, 0xf8, 0x11, 0x5d, 0xf2, 0x05, 0xce, 0xe9, 0x2f, 0x20, 0x00, 0x00, 0x02, 0x00, 0x00,
    0x00, 0x00, 0x02, 0xfd, 0x00, 0x00, 0x00, 0x00, 0x04, 0x90, 0x00, 0x00, 0x00, 0x59, 0x54, 0xc1,
    0x00, 0x00, 0x00, 0xae, 0xe7, 0x00, 0x00, 0x00, 0x00, 0x00, 0x00, 0x00, 0x00, 0x00, 0x0e, 0xa0,
    0x00, 0x00, 0x00, 0x05, 0xef, 0x10, 0x00, 0x00, 0x00, 0xb9, 0xd7, 0x00, 0x00, 0x00, 0x1f, 0x48,
    0xc0, 0x00, 0x00, 0x07, 0xe0, 0x3f, 0x30, 0x00, 0x00, 0xc8, 0x00, 0xd8, 0x00, 0x00, 0x3f, 0x41,
    0x18, 0xe0, 0x00, 0x09, 0xff, 0xff, 0xff, 0x40, 0x00, 0xe9, 0x44, 0x44, 0xca, 0x00, 0x5f, 0x20,
    0x00, 0x07, 0xf1, 0x0a, 0xb0, 0x00, 0x00, 0x1f, 0x61, 0xf6, 0x00, 0x00, 0x00, 0xbc, 0x00, 0x01,
    0x20, 0x00, 0x00, 0x00, 0x6f, 0xb0, 0x00, 0x00, 0x00, 0x3e, 0x00, 0x00, 0x02, 0x0c, 0x32, 0x10,
    0x00, 0xb8, 0x35, 0xd2, 0x00, 0x02, 0xce, 0xd6, 0x00, 0x00, 0x00, 0x00, 0x00, 0x00, 0x18, 0xce,
    0xea, 0x20, 0x02, 0xc6, 0x45, 0xec, 0x00, 0x00, 0x00, 0x07, 0xf1, 0x00, 0x00, 0x00, 0x5f, 0x20,
    0x28, 0xcd, 0xee, 0xf2, 0x1e, 0xc4, 0x21, 0x6f, 0x24, 0xf3, 0x00, 0x07, 0xf2, 0x2f, 0x81, 0x15,
    0xdf, 0x20, 0x5c, 0xee, 0x92, 0xf2, 0x00, 0x00, 0x10, 0x02, 0x00, 0x00, 0x01, 0xde, 0x88, 0x70,
    0x00, 0x00, 0x48, 0x19, 0xb2, 0x00, 0x00, 0x02, 0xc4, 0x4c, 0x40, 0x00, 0x00, 0x07, 0xee, 0x80,
    0x00, 0x00, 0x00, 0x00, 0x00, 0x00, 0x00, 0x00, 0x00, 0xbe, 0x00, 0x00, 0x00, 0x00, 0x2f, 0xe5,
    0x00, 0x00, 0x00, 0x07, 0xda, 0xa0, 0x00, 0x00, 0x00, 0xd8, 0x5f, 0x10, 0x00, 0x00, 0x3f, 0x30,
    0xe6, 0x00, 0x00, 0x09, 0xc0, 0x09, 0xc0, 0x00, 0x00, 0xe7, 0x11, 0x5f, 0x30, 0x00, 0x5f, 0xff,
    0xff, 0xf8, 0x00, 0x0b, 0xb4, 0x44, 0x4a, 0xd0, 0x01, 0xf5, 0x00, 0x00, 0x3f, 0x40, 0x7e, 0x10,
    0x00, 0x00, 0xca, 0x0c, 0xa0, 0x00, 0x00, 0x07, 0xe1, 0x00, 0x01, 0x00, 0x11, 0x00, 0x08, 0xfd,
    0x6a, 0x40, 0x00, 0xa1, 0x5b, 0x80, 0x00, 0x03, 0x00, 0x02, 0x10, 0x00, 0xc7, 0x35, 0xe1, 0x00,
    0x03, 0xcf, 0xd5, 0x00, 0x00, 0x00, 0x00, 0x00, 0x00, 0x18, 0xce, 0xea, 0x20, 0x02, 0xc6, 0x45,
    0xec, 0x00, 0x00, 0x00, 0x07, 0xf1, 0x00, 0x00, 0x00, 0x5f, 0x20, 0x28, 0xcd, 0xee, 0xf2, 0x1e,
    0xc4, 0x21, 0x6f, 0x24, 0xf3, 0x00, 0x07, 0xf2, 0x2f, 0x81, 0x15, 0xdf, 0x20, 0x5c, 0xee, 0x92,
    0xf2, 0x00, 0x02, 0x00, 0x02, 0x00, 0x00, 0x00, 0xa6, 0x38, 0x90, 0x00, 0x00, 0x03, 0xcf, 0xb1,
    0x00, 0x00, 0x00, 0x00, 0x00, 0x00, 0x00, 0x00, 0x00, 0x6f, 0x20, 0x00, 0x00, 0x00, 0x0b, 0xe7,
    0x00, 0x00, 0x00, 0x02, 0xf8, 0xd0, 0x00, 0x00, 0x00, 0x7d, 0x2f, 0x30, 0x00, 0x00, 0x0c, 0x80,
    0xc9, 0x00, 0x00, 0x03, 0xf3, 0x07, 0xe0, 0x00, 0x00, 0x8d, 0x11, 0x3f, 0x50, 0x00, 0x0d, 0xff,
    0xff, 0xfa, 0x00, 0x04, 0xf6, 0x44, 0x48, 0xf1, 0x00, 0x9d, 0x00, 0x00, 0x1f, 0x60, 0x0e, 0x70,
    0x00, 0x00, 0xac, 0x05, 0xf2, 0x00, 0x00, 0x05, 0xf2, 0x00, 0x00, 0x00, 0x00, 0x00, 0x00, 0x00,
    0x03, 0xd1, 0x00, 0x00, 0x00, 0x00, 0x2b, 0x00, 0x00, 0x00, 0x00, 0x30, 0x00, 0x11, 0x00, 0x0c,
    0x93, 0x4d, 0x40, 0x00, 0x3c, 0xfe, 0x70, 0x00, 0x00, 0x00, 0x00, 0x00, 0x01, 0x8c, 0xee, 0xa2,
    0x00, 0x2c, 0x64, 0x5e, 0xc0, 0x00, 0x00, 0x00, 0x7f, 0x10, 0x00, 0x00, 0x05, 0xf2, 0x02, 0x8c,
    0xde, 0xef, 0x21, 0xec, 0x42, 0x16, 0xf2, 0x4f, 0x30, 0x00, 0x7f, 0x22, 0xf8, 0x11, 0x5d, 0xf2,
    0x05, 0xce, 0xe9, 0x2f, 0x20, 0x00, 0x00, 0x00, 0x00, 0x00, 0x03, 0xd1, 0x00, 0x00, 0x00, 0x2b,
    0x00, 0x00, 0x05, 0xff, 0xff, 0xff, 0x70, 0x5f, 0x53, 0x33, 0x31, 0x05, 0xf2, 0x00, 0x00, 0x00,
    0x5f, 0x20, 0x00, 0x00, 0x05, 0xf2, 0x00, 0x00, 0x00, 0x5f, 0xff, 0xff, 0xf2, 0x05, 0xf5, 0x33,
    0x33, 0x00, 0x5f, 0x20, 0x00, 0x00, 0x05, 0xf2, 0x00, 0x00, 0x00, 0x5f, 0x20, 0x00, 0x00, 0x05,
    0xf5, 0x33, 0x33, 0x10, 0x5f, 0xff, 0xff, 0xf7, 0x00, 0x00, 0x00, 0x00, 0x00, 0x00, 0x03, 0xd1,
    0x00, 0x00, 0x00, 0x2b, 0x00, 0x00, 0x00, 0x6c, 0xfd, 0x60, 0x00, 0x6f, 0x84, 0x7f, 0x60, 0x0e,
    0x90, 0x00, 0x9d, 0x03, 0xf4, 0x00, 0x06, 0xf1, 0x4f, 0xff, 0xff, 0xff, 0x23, 0xf5, 0x33, 0x33,
    0x30, 0x0e, 0x70, 0x00, 0x00, 0x00, 0x6f, 0x84, 0x46, 0x70, 0x00, 0x5c, 0xee, 0xc6, 0x00, 0x00,
    0x00, 0x00, 0x00, 0x00, 0x03, 0xd1, 0x00, 0x00, 0x00, 0x2b, 0x00, 0x00, 0x00, 0x00, 0x11, 0x00,
    0x00, 0x00, 0x03, 0xff, 0xa0, 0x00, 0x00, 0x00, 0x18, 0xf1, 0x00, 0x00, 0x00, 0x5c, 0x90, 0x00,
    0x00, 0x00, 0x97, 0x00, 0x00, 0x00, 0x00, 0x00, 0x00, 0x00, 0x05, 0xff, 0xff, 0xff, 0x80, 0x05,
    0xf5, 0x33, 0x33, 0x20, 0x05, 0xf2, 0x00, 0x00, 0x00, 0x05, 0xf2, 0x00, 0x00, 0x00, 0x05, 0xf2,
    0x00, 0x00, 0x00, 0x05, 0xff, 0xff, 0xff, 0x40, 0x05, 0xf5, 0x33, 0x33, 0x10, 0x05, 0xf2, 0x00,
    0x00, 0x00, 0x05, 0xf2, 0x00, 0x00, 0x00, 0x05, 0xf2, 0x00, 0x00, 0x00, 0x05, 0xf5, 0x33, 0x33,
    0x20, 0x05, 0xff, 0xff, 0xff, 0x80, 0x00, 0x02, 0x30, 0x00, 0x00, 0x00, 0xcf, 0xc0, 0x00, 0x00,
    0x00, 0x6f, 0x10, 0x00, 0x00, 0x3c, 0x80, 0x00, 0x00, 0x04, 0x80, 0x00, 0x00, 0x00, 0x00, 0x00,
    0x00, 0x00, 0x6c, 0xfd, 0x60, 0x00, 0x6f, 0x84, 0x7f, 0x60, 0x0e, 0x90, 0x00, 0x9d, 0x03, 0xf4,
    0x00, 0x06, 0xf1, 0x4f, 0xff, 0xff, 0xff, 0x23, 0xf5, 0x33, 0x33, 0x30, 0x0e, 0x70, 0x00, 0x00,
    0x00, 0x6f, 0x84, 0x46, 0x70, 0x00, 0x5c, 0xee, 0xc6, 0x00, 0x00, 0x00, 0x00, 0x01, 0x00, 0x05,
    0xed, 0x64, 0xc0, 0x00, 0xc4, 0x5d, 0xf5, 0x00, 0x01, 0x00, 0x00, 0x00, 0x05, 0xff, 0xff, 0xff,
    0x10, 0x5f, 0x53, 0x33, 0x30, 0x05, 0xf2, 0x00, 0x00, 0x00, 0x5f, 0x20, 0x00, 0x00, 0x05, 0xf2,
    0x00, 0x00, 0x00, 0x5f, 0xff, 0xff, 0xc0, 0x05, 0xf5, 0x33, 0x32, 0x00, 0x5f, 0x20, 0x00, 0x00,
    0x05, 0xf2, 0x00, 0x00, 0x00, 0x5f, 0x20, 0x00, 0x00, 0x05, 0xf5, 0x33, 0x33, 0x00, 0x5f, 0xff,
    0xff, 0xf1, 0x00, 0x00, 0x00, 0x11, 0x00, 0x1c, 0xf9, 0x3a, 0x50, 0x07, 0x83, 0xaf, 0xb0, 0x00,
    0x10, 0x00, 0x00, 0x00, 0x00, 0x6c, 0xfd, 0x60, 0x00, 0x6f, 0x84, 0x7f, 0x60, 0x0e, 0x90, 0x00,
    0x9d, 0x03, 0xf4, 0x00, 0x06, 0xf1, 0x4f, 0xff, 0xff, 0xff, 0x23, 0xf5, 0x33, 0x33, 0x30, 0x0e,
    0x70, 0x00, 0x00, 0x00, 0x6f, 0x84, 0x46, 0x70, 0x00, 0x5c, 0xee, 0xc6, 0x00, 0x00, 0x00, 0x00,
    0x03, 0x70, 0x00, 0x00, 0x76, 0x1c, 0x40, 0x00, 0x08, 0xbd, 0x50, 0x00, 0x00, 0x5b, 0x12, 0xc2,
    0x00, 0x00, 0x00, 0x00, 0x00, 0x00, 0x05, 0xff, 0xff, 0xff, 0x10, 0x05, 0xf5, 0x33, 0x33, 0x00,
    0x05, 0xf2, 0x00, 0x00, 0x00, 0x05, 0xf2, 0x00, 0x00, 0x00, 0x05, 0xf2, 0x00, 0x00, 0x00, 0x05,
    0xff, 0xff, 0xfc, 0x00, 0x05, 0xf5, 0x33, 0x32, 0x00, 0x05, 0xf2, 0x00, 0x00, 0x00, 0x05, 0xf2,
    0x00, 0x00, 0x00, 0x05, 0xf2, 0x00, 0x00, 0x00, 0x05, 0xf5, 0x33, 0x33, 0x00, 0x05, 0xff, 0xff,
    0xff, 0x10, 0x00, 0x00, 0x00, 0x07, 0x60, 0x00, 0x02, 0x12, 0xe2, 0x00, 0x0b, 0xeb, 0x54, 0x00,
    0x0a, 0x80, 0x8a, 0x00, 0x00, 0x00, 0x00, 0x00, 0x00, 0x06, 0xcf, 0xd6, 0x00, 0x06, 0xf8, 0x47,
    0xf6, 0x00, 0xe9, 0x00, 0x09, 0xd0, 0x3f, 0x40, 0x00, 0x6f, 0x14, 0xff, 0xff, 0xff, 0xf2, 0x3f,
    0x53, 0x33, 0x33, 0x00, 0xe7, 0x00, 0x00, 0x00, 0x06, 0xf8, 0x44, 0x67, 0x00, 0x05, 0xce, 0xec,
    0x60, 0x17, 0x20, 0x00, 0x00, 0x00, 0x5b, 0x17, 0x70, 0x00, 0x00, 0x07, 0xbc, 0x60, 0x00, 0x04,
    0xb1, 0x1c, 0x30, 0x00, 0x00, 0x00, 0x00, 0x00, 0x5f, 0xff, 0xff, 0xf1, 0x05, 0xf5, 0x33, 0x33,
    0x00, 0x5f, 0x20, 0x00, 0x00, 0x05, 0xf2, 0x00, 0x00, 0x00, 0x5f, 0x20, 0x00, 0x00, 0x05, 0xff,
    0xff, 0xfc, 0x00, 0x5f, 0x53, 0x33, 0x20, 0x05, 0xf2, 0x00, 0x00, 0x00, 0x5f, 0x20, 0x00, 0x00,
    0x05, 0xf2, 0x00, 0x00, 0x00, 0x5f, 0x53, 0x33, 0x30, 0x05, 0xff, 0xff, 0xff, 0x10, 0x57, 0x00,
    0x00, 0x00, 0x02, 0xe3, 0x01, 0x10, 0x00, 0x03, 0x5a, 0xec, 0x10, 0x00, 0x09, 0x91, 0x7a, 0x00,
    0x00, 0x00, 0x00, 0x00, 0x00, 0x06, 0xcf, 0xd6, 0x00, 0x06, 0xf8, 0x47, 0xf6, 0x00, 0xe9, 0x00,
    0x09, 0xd0, 0x3f, 0x40, 0x00, 0x6f, 0x14, 0xff, 0xff, 0xff, 0xf2, 0x3f, 0x53, 0x33, 0x33, 0x00,
    0xe7, 0x00, 0x00, 0x00, 0x06, 0xf8, 0x44, 0x67, 0x00, 0x05, 0xce, 0xec, 0x60, 0x00, 0x00, 0x00,
    0x13, 0x00, 0x00, 0x00, 0x07, 0xf8, 0x00, 0x00, 0x00, 0x06, 0x70, 0x00, 0x3d, 0xc2, 0x70, 0x00,
    0x3b, 0x35, 0xb2, 0x00, 0x00, 0x00, 0x00, 0x00, 0x05, 0xff, 0xff, 0xff, 0x20, 0x5f, 0x53, 0x33,
    0x30, 0x05, 0xf2, 0x00, 0x00, 0x00, 0x5f, 0x20, 0x00, 0x00, 0x05, 0xf2, 0x00, 0x00, 0x00, 0x5f,
    0xff, 0xff, 0xc0, 0x05, 0xf5, 0x33, 0x32, 0x00, 0x5f, 0x20, 0x00, 0x00, 0x05, 0xf2, 0x00, 0x00,
    0x00, 0x5f, 0x20, 0x00, 0x00, 0x05, 0xf5, 0x33, 0x33, 0x00, 0x5f, 0xff, 0xff, 0xf2, 0x00, 0x00,
    0x00, 0x10, 0x00, 0x00, 0x00, 0x0d, 0xc0, 0x00, 0x00, 0x00, 0x1b, 0x10, 0x00, 0x12, 0x04, 0x80,
    0x00, 0x1c, 0xea, 0x42, 0x00, 0x0b, 0x71, 0x99, 0x00, 0x00, 0x00, 0x00, 0x00, 0x00, 0x06, 0xcf,
    0xd6, 0x00, 0x06, 0xf8, 0x47, 0xf6, 0x00, 0xe9, 0x00, 0x09, 0xd0, 0x3f, 0x40, 0x00, 0x6f, 0x14,
    0xff, 0xff, 0xff, 0xf2, 0x3f, 0x53, 0x33, 0x33, 0x00, 0xe7, 0x00, 0x00, 0x00, 0x06, 0xf8, 0x44,
    0x66, 0x00, 0x05, 0xce, 0xec, 0x60, 0x00, 0x05, 0x40, 0x33, 0x00, 0x05, 0xdd, 0xcd, 0x20, 0x00,
    0x42, 0x7b, 0x40, 0x00, 0x00, 0x8d, 0xe5, 0x00, 0x00, 0x4b, 0x13, 0xc2, 0x00, 0x00, 0x00, 0x00,
    0x00, 0x05, 0xff, 0xff, 0xff, 0x10, 0x5f, 0x53, 0x33, 0x30, 0x05, 0xf2, 0x00, 0x00, 0x00, 0x5f,
    0x20, 0x00, 0x00, 0x05, 0xf2, 0x00, 0x00, 0x00, 0x5f, 0xff, 0xff, 0xc0, 0x05, 0xf5, 0x33, 0x32,
    0x00, 0x5f, 0x20, 0x00, 0x00, 0x05, 0xf2, 0x00, 0x00, 0x00, 0x5f, 0x20, 0x00, 0x00, 0x05, 0xf5,
    0x33, 0x33, 0x00, 0x5f, 0xff, 0xff, 0xf1, 0x00, 0x00, 0x00, 0x10, 0x00, 0x09, 0xfa, 0x4c, 0x00,
    0x00, 0xb2, 0x8c, 0x50, 0x00, 0x00, 0x01, 0x00, 0x00, 0x00, 0x0b, 0xea, 0x00, 0x00, 0x0a, 0x70,
    0x89, 0x00, 0x00, 0x00, 0x00, 0x00, 0x00, 0x06, 0xcf, 0xd6, 0x00, 0x06, 0xf8, 0x47, 0xf6, 0x00,
    0xe9, 0x00, 0x09, 0xd0, 0x3f, 0x40, 0x00, 0x6f, 0x14, 0xff, 0xff, 0xff, 0xf2, 0x3f, 0x53, 0x33,
    0x33, 0x00, 0xe7, 0x00, 0x00, 0x00, 0x06, 0xf8, 0x44, 0x67, 0x00, 0x05, 0xce, 0xec, 0x60, 0x00,
    0x00, 0x38, 0x20, 0x00, 0x00, 0x3e, 0xcc, 0x10, 0x00, 0x4d, 0x50, 0x8b, 0x00, 0x00, 0x00, 0x00,
    0x00, 0x05, 0xff, 0xff, 0xff, 0x70, 0x5f, 0x53, 0x33, 0x31, 0x05, 0xf2, 0x00, 0x00, 0x00, 0x5f,
    0x20, 0x00, 0x00, 0x05, 0xf2, 0x00, 0x00, 0x00, 0x5f, 0xff, 0xff, 0xf2, 0x05, 0xf5, 0x33, 0x33,
    0x00, 0x5f, 0x20, 0x00, 0x00, 0x05, 0xf2, 0x00, 0x00, 0x00, 0x5f, 0x20, 0x00, 0x00, 0x05, 0xf5,
    0x33, 0x33, 0x10, 0x5f, 0xff, 0xff, 0xf7, 0x00, 0x00, 0x00, 0x00, 0x00, 0x00, 0x03, 0xd1, 0x00,
    0x00, 0x00, 0x2b, 0x00, 0x00, 0x00, 0x01, 0x30, 0x00, 0x00, 0x02, 0xde, 0x80, 0x00, 0x01, 0xc5,
    0x1a, 0xb1, 0x00, 0x00, 0x00, 0x00, 0x00, 0x00, 0x6c, 0xfd, 0x60, 0x00, 0x6f, 0x84, 0x7f, 0x60,
    0x0e, 0x90, 0x00, 0x9d, 0x03, 0xf4, 0x00, 0x06, 0xf1, 0x4f, 0xff, 0xff, 0xff, 0x23, 0xf5, 0x33,
    0x33, 0x30, 0x0e, 0x70, 0x00, 0x00, 0x00, 0x6f, 0x84, 0x46, 0x70, 0x00, 0x5c, 0xee, 0xc6, 0x00,
    0x00, 0x00, 0x00, 0x00, 0x00, 0x03, 0xd1, 0x00, 0x00, 0x00, 0x2b, 0x00, 0x00, 0x00, 0x56, 0x20,
    0x00, 0x9c, 0xe1, 0x00, 0x04, 0xc0, 0x00, 0x1e, 0x00, 0x00, 0x00, 0x00, 0x0e, 0xff, 0xf2, 0x00,
    0x6f, 0x30, 0x00, 0x5f, 0x20, 0x00, 0x5f, 0x20, 0x00, 0x5f, 0x20, 0x00, 0x5f, 0x20, 0x00, 0x5f,
    0x20, 0x00, 0x5f, 0x20, 0x00, 0x5f, 0x20, 0x00, 0x5f, 0x20, 0x00, 0x6f, 0x30, 0x0e, 0xff, 0xf2,
    0x01, 0x10, 0x00, 0xbf, 0xa0, 0x01, 0x2e, 0x10, 0x19, 0xa0, 0x01, 0xd0, 0x00, 0x00, 0x00, 0x05,
    0xf2, 0x00, 0x5f, 0x20, 0x05, 0xf2, 0x00, 0x5f, 0x20, 0x05, 0xf2, 0x00, 0x5f, 0x20, 0x05, 0xf2,
    0x00, 0x5f, 0x20, 0x05, 0xf2, 0x00, 0x0e, 0xff, 0xf0, 0x00, 0x6f, 0x30, 0x00, 0x5f, 0x20, 0x00,
    0x5f, 0x20, 0x00, 0x5f, 0x20, 0x00, 0x5f, 0x20, 0x00, 0x5f, 0x20, 0x00, 0x5f, 0x20, 0x00, 0x5f,
    0x20, 0x00, 0x5f, 0x20, 0x00, 0x6f, 0x30, 0x0e, 0xff, 0xf0, 0x00, 0x00, 0x00, 0x00, 0x3d, 0x10,
    0x00, 0x2b, 0x00, 0x03, 0xd1, 0x00, 0x2b, 0x00, 0x00, 0x00, 0x00, 0x5f, 0x20, 0x05, 0xf2, 0x00,
    0x5f, 0x20, 0x05, 0xf2, 0x00, 0x5f, 0x20, 0x05, 0xf2, 0x00, 0x5f, 0x20, 0x05, 0xf2, 0x00, 0x5f,
    0x20, 0x00, 0x00, 0x00, 0x3d, 0x10, 0x02, 0xb0, 0x00, 0x00, 0x07, 0xce, 0xec, 0x50, 0x00, 0x01,
    0xce, 0x74, 0x48, 0xe9, 0x00, 0x08, 0xe2, 0x00, 0x00, 0x4f, 0x50, 0x0e, 0x80, 0x00, 0x00, 0x0b,
    0xb0, 0x3f, 0x40, 0x00, 0x00, 0x07, 0xf0, 0x4f, 0x30, 0x00, 0x00, 0x06, 0xf1, 0x4f, 0x30, 0x00,
    0x00, 0x05, 0xf1, 0x3f, 0x40, 0x00, 0x00, 0x07, 0xf0, 0x0e, 0x80, 0x00, 0x00, 0x0b, 0xb0, 0x08,
    0xe2, 0x00, 0x00, 0x4f, 0x50, 0x01, 0xce, 0x74, 0x48, 0xe9, 0x00, 0x00, 0x17, 0xdf, 0xec, 0x60,
    0x00, 0x00, 0x00, 0x00, 0x00, 0x00, 0x00, 0x00, 0x00, 0x03, 0xd1, 0x00, 0x00, 0x00, 0x00, 0x02,
    0xb0, 0x00, 0x00, 0x00, 0x7d, 0xfc, 0x50, 0x00, 0x8f, 0x74, 0x8f, 0x50, 0x1e, 0x80, 0x00, 0xac,
    0x03, 0xf4, 0x00, 0x06, 0xf1, 0x4f, 0x20, 0x00, 0x5f, 0x23, 0xf3, 0x00, 0x06, 0xf1, 0x0e, 0x80,
    0x00, 0xac, 0x00, 0x7f, 0x64, 0x8f, 0x40, 0x00, 0x7d, 0xfc, 0x50, 0x00, 0x00, 0x00, 0x00, 0x00,
    0x00, 0x03, 0xd1, 0x00, 0x00, 0x00, 0x2b, 0x00, 0x00, 0x00, 0x00, 0x16, 0x51, 0x00, 0x00, 0x00,
    0x00, 0x2c, 0xed, 0x00, 0x00, 0x00, 0x00, 0x00, 0x6f, 0x10, 0x00, 0x00, 0x00, 0x06, 0xd7, 0x00,
    0x00, 0x00, 0x00, 0x08, 0x70, 0x00, 0x00, 0x00, 0x00, 0x00, 0x00, 0x00, 0x00, 0x00, 0x07, 0xce,
    0xec, 0x50, 0x00, 0x01, 0xce, 0x74, 0x48, 0xe9, 0x00, 0x08, 0xe2, 0x00, 0x00, 0x4f, 0x50, 0x0e,
    0x80, 0x00, 0x00, 0x0b, 0xb0, 0x3f, 0x40, 0x00, 0x00, 0x07, 0xf0, 0x4f, 0x30, 0x00, 0x00, 0x06,
    0xf1, 0x4f, 0x30, 0x00, 0x00, 0x05, 0xf1, 0x3f, 0x40, 0x00, 0x00, 0x07, 0xf0, 0x0e, 0x80, 0x00,
    0x00, 0x0b, 0xb0, 0x08, 0xe2, 0x00, 0x00, 0x4f, 0x50, 0x01, 0xce, 0x74, 0x48, 0xe9, 0x00, 0x00,
    0x17, 0xdf, 0xec, 0x60, 0x00, 0x00, 0x02, 0x30, 0x00, 0x00, 0x00, 0xbf, 0xc0, 0x00, 0x00, 0x00,
    0x6f, 0x10, 0x00, 0x00, 0x2c, 0x80, 0x00, 0x00, 0x04, 0x80, 0x00, 0x00, 0x00, 0x00, 0x00, 0x00,
    0x00, 0x7d, 0xfc, 0x50, 0x00, 0x8f, 0x74, 0x8f, 0x50, 0x1e, 0x80, 0x00, 0xac, 0x03, 0xf4, 0x00,
    0x06, 0xf1, 0x4f, 0x20, 0x00, 0x5f, 0x23, 0xf3, 0x00, 0x06, 0xf1, 0x0e, 0x80, 0x00, 0xac, 0x00,
    0x7f, 0x64, 0x8f, 0x40, 0x00, 0x7d, 0xfc, 0x50, 0x00, 0x00, 0x00, 0x00, 0x00, 0x37, 0x00, 0x00,
    0x00, 0x00, 0x00, 0xc7, 0x00, 0x00, 0x00, 0x4e, 0xe4, 0x60, 0x00, 0x00, 0x04, 0xc2, 0x4c, 0x20,
    0x00, 0x00, 0x00, 0x00, 0x00, 0x00, 0x00, 0x00, 0x07, 0xce, 0xec, 0x50, 0x00, 0x01, 0xce, 0x74,
    0x48, 0xe9, 0x00, 0x08, 0xe2, 0x00, 0x00, 0x4f, 0x50, 0x0e, 0x80, 0x00, 0x00, 0x0b, 0xb0, 0x3f,
    0x40, 0x00, 0x00, 0x07, 0xf0, 0x4f, 0x30, 0x00, 0x00, 0x06, 0xf1, 0x4f, 0x30, 0x00, 0x00, 0x05,
    0xf1, 0x3f, 0x40, 0x00, 0x00, 0x07, 0xf0, 0x0e, 0x80, 0x00, 0x00, 0x0b, 0xb0, 0x08, 0xe2, 0x00,
    0x00, 0x4f, 0x50, 0x01, 0xce, 0x74, 0x48, 0xe9, 0x00, 0x00, 0x17, 0xdf, 0xec, 0x60, 0x00, 0x00,
    0x00, 0x00, 0x29, 0x20, 0x00, 0x12, 0x08, 0xa0, 0x00, 0x0b, 0xe8, 0x71, 0x00, 0x08, 0x81, 0xb5,
    0x00, 0x00, 0x00, 0x00, 0x00, 0x00, 0x07, 0xdf, 0xc5, 0x00, 0x08, 0xf7, 0x48, 0xf5, 0x01, 0xe8,
    0x00, 0x0a, 0xc0, 0x3f, 0x40, 0x00, 0x6f, 0x14, 0xf2, 0x00, 0x05, 0xf2, 0x3f, 0x30, 0x00, 0x6f,
    0x10, 0xe8, 0x00, 0x0a, 0xc0, 0x07, 0xf6, 0x48, 0xf4, 0x00, 0x07, 0xdf, 0xc5, 0x00, 0x01, 0x82,
    0x00, 0x00, 0x00, 0x00, 0x00, 0x99, 0x00, 0x00, 0x00, 0x00, 0x00, 0x06, 0x4e, 0xe3, 0x00, 0x00,
    0x00, 0x03, 0xc2, 0x3c, 0x20, 0x00, 0x00, 0x00, 0x00, 0x00, 0x00, 0x00, 0x00, 0x07, 0xce, 0xec,
    0x50, 0x00, 0x01, 0xce, 0x74, 0x48, 0xe9, 0x00, 0x08, 0xe2, 0x00, 0x00, 0x4f, 0x50, 0x0e, 0x80,
    0x00, 0x00, 0x0b, 0xb0, 0x3f, 0x40, 0x00, 0x00, 0x07, 0xf0, 0x4f, 0x30, 0x00, 0x00, 0x06, 0xf1,
    0x4f, 0x30, 0x00, 0x00, 0x05, 0xf1, 0x3f, 0x40, 0x00, 0x00, 0x07, 0xf0, 0x0e, 0x80, 0x00, 0x00,
    0x0b, 0xb0, 0x08, 0xe2, 0x00, 0x00, 0x4f, 0x50, 0x01, 0xce, 0x74, 0x48, 0xe9, 0x00, 0x00, 0x17,
    0xdf, 0xec, 0x60, 0x00, 0x49, 0x00, 0x00, 0x00, 0x01, 0xd5, 0x01, 0x00, 0x00, 0x02, 0x6a, 0xe8,
    0x00, 0x00, 0x07, 0x81, 0xa5, 0x00, 0x00, 0x00, 0x00, 0x00, 0x00, 0x07, 0xdf, 0xc5, 0x00, 0x08,
    0xf7, 0x48, 0xf5, 0x01, 0xe8, 0x00, 0x0a, 0xc0, 0x3f, 0x40, 0x00, 0x6f, 0x14, 0xf2, 0x00, 0x05,
    0xf2, 0x3f, 0x30, 0x00, 0x6f, 0x10, 0xe8, 0x00, 0x0a, 0xc0, 0x07, 0xf6, 0x48, 0xf4, 0x00, 0x07,
    0xdf, 0xc5, 0x00, 0x00, 0x00, 0x00, 0x00, 0x20, 0x00, 0x00, 0x00, 0x00, 0x04, 0xfb, 0x00, 0x00,
    0x00, 0x00, 0x00, 0x1e, 0x00, 0x00, 0x00, 0x06, 0x70, 0xb4, 0x00, 0x00, 0x00, 0x7e, 0xd8, 0x40,
    0x00, 0x00, 0x04, 0xc2, 0x1c, 0x50, 0x00, 0x00, 0x00, 0x00, 0x00, 0x00, 0x00, 0x00, 0x07, 0xce,
    0xec, 0x50, 0x00, 0x01, 0xce, 0x84, 0x46, 0xd9, 0x00, 0x08, 0xe2, 0x00, 0x00, 0x1e, 0x50, 0x0e,
    0x80, 0x00, 0x00, 0x07, 0xb0, 0x3f, 0x40, 0x00, 0x00, 0x03, 0xf0, 0x4f, 0x30, 0x00, 0x00, 0x01,
    0xf1, 0x4f, 0x30, 0x00, 0x00, 0x01, 0xf1, 0x3f, 0x40, 0x00, 0x00, 0x02, 0xf0, 0x0e, 0x80, 0x00,
    0x00, 0x06, 0xb0, 0x08, 0xe3, 0x00, 0x00, 0x2d, 0x50, 0x01, 0xce, 0x74, 0x47, 0xd9, 0x00, 0x00,
    0x17, 0xdf, 0xec, 0x60, 0x00, 0x00, 0x00, 0x00, 0x10, 0x00, 0x00, 0x00, 0x2f, 0xc0, 0x00, 0x00,
    0x00, 0x2e, 0x10, 0x00, 0x12, 0x07, 0x70, 0x00, 0x0b, 0xe8, 0x60, 0x00, 0x08, 0x81, 0xb5, 0x00,
    0x00, 0x00, 0x00, 0x00, 0x00, 0x07, 0xdf, 0xc5, 0x00, 0x08, 0xf7, 0x48, 0xf5, 0x01, 0xe8, 0x00,
    0x0a, 0xc0, 0x3f, 0x40, 0x00, 0x6f, 0x14, 0xf2, 0x00, 0x05, 0xf2, 0x3f, 0x30, 0x00, 0x6f, 0x10,
    0xe8, 0x00, 0x0a, 0xc0, 0x07, 0xf6, 0x48, 0xf4, 0x00, 0x07, 0xdf, 0xc5, 0x00, 0x00, 0x00, 0x00,
    0x00, 0x00, 0x00, 0x00, 0x02, 0xdc, 0x48, 0x50, 0x00, 0x00, 0x08, 0x76, 0xdc, 0x10, 0x00, 0x00,
    0x00, 0x4e, 0xe2, 0x00, 0x00, 0x00, 0x04, 0xc3, 0x4c, 0x20, 0x00, 0x00, 0x00, 0x00, 0x00, 0x00,
    0x00, 0x00, 0x07, 0xce, 0xec, 0x50, 0x00, 0x01, 0xce, 0x74, 0x48, 0xe9, 0x00, 0x08, 0xe2, 0x00,
    0x00, 0x4f, 0x50, 0x0e, 0x80, 0x00, 0x00, 0x0b, 0xb0, 0x3f, 0x40, 0x00, 0x00, 0x07, 0xf0, 0x4f,
    0x30, 0x00, 0x00, 0x06, 0xf1, 0x4f, 0x30, 0x00, 0x00, 0x05, 0xf1, 0x3f, 0x40, 0x00, 0x00, 0x07,
    0xf0, 0x0e, 0x80, 0x00, 0x00, 0x0b, 0xb0, 0x08, 0xe2, 0x00, 0x00, 0x4f, 0x50, 0x01, 0xce, 0x74,
    0x48, 0xe9, 0x00, 0x00, 0x17, 0xdf, 0xec, 0x60, 0x00, 0x00, 0x00, 0x00, 0x10, 0x00, 0x06, 0xf9,
    0x68, 0x00, 0x00, 0xa2, 0x8c, 0x20, 0x00, 0x00, 0x01, 0x00, 0x00, 0x00, 0x0a, 0xe7, 0x00, 0x00,
    0x08, 0x81, 0xa5, 0x00, 0x00, 0x00, 0x00, 0x00, 0x00, 0x07, 0xdf, 0xc5, 0x00, 0x08, 0xf7, 0x48,
    0xf5, 0x01, 0xe8, 0x00, 0x0a, 0xc0, 0x3f, 0x40, 0x00, 0x6f, 0x14, 0xf2, 0x00, 0x05, 0xf2, 0x3f,
    0x30, 0x00, 0x6f, 0x10, 0xe8, 0x00, 0x0a, 0xc0, 0x07, 0xf6, 0x48, 0xf4, 0x00, 0x07, 0xdf, 0xc5,
    0x00, 0x00, 0x00, 0x03, 0x81, 0x00, 0x00, 0x00, 0x00, 0x3e, 0xcb, 0x00, 0x00, 0x00, 0x03, 0xd5,
    0x0a, 0x80, 0x00, 0x00, 0x00, 0x00, 0x00, 0x00, 0x00, 0x00, 0x07, 0xce, 0xec, 0x50, 0x00, 0x01,
    0xce, 0x74, 0x48, 0xe9, 0x00, 0x08, 0xe2, 0x00, 0x00, 0x4f, 0x50, 0x0e, 0x80, 0x00, 0x00, 0x0b,
    0xb0, 0x3f, 0x40, 0x00, 0x00, 0x07, 0xf0, 0x4f, 0x30, 0x00, 0x00, 0x06, 0xf1, 0x4f, 0x30, 0x00,
    0x00, 0x05, 0xf1, 0x3f, 0x40, 0x00, 0x00, 0x07, 0xf0, 0x0e, 0x80, 0x00, 0x00, 0x0b, 0xb0, 0x08,
    0xe2, 0x00, 0x00, 0x4f, 0x50, 0x01, 0xce, 0x74, 0x48, 0xe9, 0x00, 0x00, 0x17, 0xdf, 0xec, 0x60,
    0x00, 0x00, 0x00, 0x00, 0x00, 0x00, 0x00, 0x00, 0x00, 0x03, 0xd1, 0x00, 0x00, 0x00, 0x00, 0x02,
    0xb0, 0x00, 0x00, 0x00, 0x01, 0x30, 0x00, 0x00, 0x00, 0xbe, 0x90, 0x00, 0x00, 0xa9, 0x1a, 0x80,
    0x00, 0x00, 0x00, 0x00, 0x00, 0x00, 0x7d, 0xfc, 0x50, 0x00, 0x8f, 0x74, 0x8f, 0x50, 0x1e, 0x80,
    0x00, 0xac, 0x03, 0xf4, 0x00, 0x06, 0xf1, 0x4f, 0x20, 0x00, 0x5f, 0x23, 0xf3, 0x00, 0x06, 0xf1,
    0x0e, 0x80, 0x00, 0xac, 0x00, 0x7f, 0x64, 0x8f, 0x40, 0x00, 0x7d, 0xfc, 0x50, 0x00, 0x00, 0x00,
    0x00, 0x00, 0x00, 0x03, 0xd1, 0x00, 0x00, 0x00, 0x2b, 0x00, 0x00, 0x00, 0x00, 0x00, 0x57, 0x10,
    0x00, 0x00, 0x00, 0x00, 0x2e, 0x70, 0x00, 0x00, 0x00, 0x00, 0x0c, 0x70, 0x00, 0x00, 0x00, 0x00,
    0x00, 0x00, 0x00, 0x00, 0x00, 0x00, 0x07, 0xce, 0xec, 0x60, 0x3f, 0x60, 0x1b, 0xe7, 0x44, 0x8e,
    0xbb, 0xd0, 0x08, 0xe2, 0x00, 0x00, 0x4f, 0xb1, 0x00, 0xe8, 0x00, 0x00, 0x00, 0xbc, 0x00, 0x3f,
    0x40, 0x00, 0x00, 0x07, 0xf0, 0x04, 0xf3, 0x00, 0x00, 0x00, 0x6f, 0x10, 0x4f, 0x30, 0x00, 0x00,
    0x05, 0xf1, 0x03, 0xf4, 0x00, 0x00, 0x00, 0x7e, 0x00, 0x0e, 0x80, 0x00, 0x00, 0x0b, 0xb0, 0x00,
    0x8e, 0x20, 0x00, 0x04, 0xf5, 0x00, 0x01, 0xce, 0x74, 0x48, 0xe9, 0x00, 0x00, 0x01, 0x7c, 0xee,
    0xc6, 0x00, 0x00, 0x00, 0x00, 0x5f, 0x40, 0x00, 0x00, 0x00, 0xd9, 0x00, 0x00, 0x00, 0x06, 0xc1,
    0x00, 0x75, 0x00, 0x00, 0x00, 0x01, 0xf7, 0x00, 0x7d, 0xfc, 0x45, 0xe1, 0x07, 0xe6, 0x48, 0xfe,
    0x50, 0x1e, 0x70, 0x00, 0xac, 0x00, 0x3f, 0x30, 0x00, 0x6f, 0x00, 0x4f, 0x20, 0x00, 0x5f, 0x10,
    0x3f, 0x30, 0x00, 0x6f, 0x10, 0x0e, 0x70, 0x00, 0xac, 0x00, 0x07, 0xe6, 0x48, 0xf5, 0x00, 0x00,
    0x6d, 0xfc, 0x50, 0x00, 0x00, 0x01, 0x75, 0x00, 0x00, 0x00, 0x00, 0x00, 0x07, 0xe2, 0x00, 0x00,
    0x00, 0x00, 0x00, 0x07, 0xc0, 0x00, 0x00, 0x00, 0x00, 0x00, 0x00, 0x00, 0x00, 0x00, 0x00, 0x07,
    0xce, 0xec, 0x60, 0x3f, 0x60, 0x1b, 0xe7, 0x44, 0x8e, 0xbb, 0xd0, 0x08, 0xe2, 0x00, 0x00, 0x4f,
    0xb1, 0x00, 0xe8, 0x00, 0x00, 0x00, 0xbc, 0x00, 0x3f, 0x40, 0x00, 0x00, 0x07, 0xf0, 0x04, 0xf3,
    0x00, 0x00, 0x00, 0x6f, 0x10, 0x4f, 0x30, 0x00, 0x00, 0x05, 0xf1, 0x03, 0xf4, 0x00, 0x00, 0x00,
    0x7e, 0x00, 0x0e, 0x80, 0x00, 0x00, 0x0b, 0xb0, 0x00, 0x8e, 0x20, 0x00, 0x04, 0xf5, 0x00, 0x01,
    0xce, 0x74, 0x48, 0xe9, 0x00, 0x00, 0x01, 0x7c, 0xee, 0xc6, 0x00, 0x00, 0x00, 0x4f, 0x40, 0x00,
    0x00, 0x00, 0x0a, 0xc0, 0x00, 0x00, 0x00, 0x01, 0xc5, 0x00, 0x75, 0x00, 0x00, 0x00, 0x01, 0xf7,
    0x00, 0x7d, 0xfc, 0x45, 0xe1, 0x07, 0xe6, 0x48, 0xfe, 0x50, 0x1e, 0x70, 0x00, 0xac, 0x00, 0x3f,
    0x30, 0x00, 0x6f, 0x00, 0x4f, 0x20, 0x00, 0x5f, 0x10, 0x3f, 0x30, 0x00, 0x6f, 0x10, 0x0e, 0x70,
    0x00, 0xac, 0x00, 0x07, 0xe6, 0x48, 0xf5, 0x00, 0x00, 0x6d, 0xfc, 0x50, 0x00, 0x00, 0x00, 0x3c,
    0xb5, 0x00, 0x00, 0x00, 0x00, 0x01, 0x6b, 0xf1, 0x00, 0x00, 0x00, 0x00, 0x00, 0x7f, 0x10, 0x00,
    0x00, 0x00, 0x00, 0x8d, 0x50, 0x00, 0x00, 0x00, 0x00, 0x09, 0x60, 0x00, 0x00, 0x00, 0x00, 0x00,
    0x00, 0x00, 0x00, 0x00, 0x00, 0x07, 0xce, 0xec, 0x60, 0x3f, 0x60, 0x1b, 0xe7, 0x44, 0x8e, 0xbb,
    0xd0, 0x08, 0xe2, 0x00, 0x00, 0x4f, 0xb1, 0x00, 0xe8, 0x00, 0x00, 0x00, 0xbc, 0x00, 0x3f, 0x40,
    0x00, 0x00, 0x07, 0xf0, 0x04, 0xf3, 0x00, 0x00, 0x00, 0x6f, 0x10, 0x4f, 0x30, 0x00, 0x00, 0x05,
    0xf1, 0x03, 0xf4, 0x00, 0x00, 0x00, 0x7e, 0x00, 0x0e, 0x80, 0x00, 0x00, 0x0b, 0xb0, 0x00, 0x8e,
    0x20, 0x00, 0x04, 0xf5, 0x00, 0x01, 0xce, 0x74, 0x48, 0xe9, 0x00, 0x00, 0x01, 0x7c, 0xee, 0xc6,
    0x00, 0x00, 0x00, 0x0c, 0xe8, 0x00, 0x00, 0x00, 0x03, 0x8f, 0x10, 0x00, 0x00, 0x02, 0xbc, 0x00,
    0x00, 0x00, 0x05, 0x90, 0x00, 0x32, 0x00, 0x01, 0x20, 0x00, 0xf7, 0x00, 0x7d, 0xfc, 0x45, 0xf2,
    0x07, 0xe6, 0x48, 0xfe, 0x50, 0x1e, 0x70, 0x00, 0xac, 0x00, 0x3f, 0x30, 0x00, 0x6f, 0x00, 0x4f,
    0x20, 0x00, 0x5f, 0x10, 0x3f, 0x30, 0x00, 0x6f, 0x10, 0x0e, 0x70, 0x00, 0xac, 0x00, 0x07, 0xe6,
    0x48, 0xf5, 0x00, 0x00, 0x6d, 0xfc, 0x50, 0x00, 0x00, 0x00, 0x00, 0x00, 0x10, 0x00, 0x00, 0x00,
    0x6f, 0xd5, 0x5b, 0x00, 0x00, 0x00, 0x0d, 0x36, 0xde, 0x40, 0x00, 0x00, 0x00, 0x10, 0x00, 0x00,
    0x00, 0x00, 0x00, 0x07, 0xce, 0xec, 0x60, 0x3f, 0x60, 0x1b, 0xe7, 0x44, 0x8e, 0xbb, 0xd0, 0x08,
    0xe2, 0x00, 0x00, 0x4f, 0xb1, 0x00, 0xe8, 0x00, 0x00, 0x00, 0xbc, 0x00, 0x3f, 0x40, 0x00, 0x00,
    0x07, 0xf0, 0x04, 0xf3, 0x00, 0x00, 0x00, 0x6f, 0x10, 0x4f, 0x30, 0x00, 0x00, 0x05, 0xf1, 0x03,
    0xf4, 0x00, 0x00, 0x00, 0x7e, 0x00, 0x0e, 0x80, 0x00, 0x00, 0x0b, 0xb0, 0x00, 0x8e, 0x20, 0x00,
    0x04, 0xf5, 0x00, 0x01, 0xce, 0x74, 0x48, 0xe9, 0x00, 0x00, 0x01, 0x7c, 0xee, 0xc6, 0x00, 0x00,
    0x00, 0x00, 0x00, 0x10, 0x00, 0x00, 0xaf, 0x93, 0xd0, 0x00, 0x03, 0xb3, 0xaf, 0x80, 0x75, 0x00,
    0x10, 0x00, 0x01, 0xf7, 0x00, 0x7d, 0xfc, 0x45, 0xe1, 0x07, 0xe6, 0x48, 0xfe, 0x50, 0x1e, 0x70,
    0x00, 0xac, 0x00, 0x3f, 0x30, 0x00, 0x6f, 0x00, 0x4f, 0x20, 0x00, 0x5f, 0x10, 0x3f, 0x30, 0x00,
    0x6f, 0x10, 0x0e, 0x70, 0x00, 0xac, 0x00, 0x07, 0xe6, 0x48, 0xf5, 0x00, 0x00, 0x6d, 0xfc, 0x50,
    0x00, 0x00, 0x07, 0xce, 0xec, 0x60, 0x3f, 0x60, 0x1b, 0xe7, 0x44, 0x8e, 0xbb, 0xd0, 0x08, 0xe2,
    0x00, 0x00, 0x4f, 0xb1, 0x00, 0xe8, 0x00, 0x00, 0x00, 0xbc, 0x00, 0x3f, 0x40, 0x00, 0x00, 0x07,
    0xf0, 0x04, 0xf3, 0x00, 0x00, 0x00, 0x6f, 0x10, 0x4f, 0x30, 0x00, 0x00, 0x05, 0xf1, 0x03, 0xf4,
    0x00, 0x00, 0x00, 0x7e, 0x00, 0x0e, 0x80, 0x00, 0x00, 0x0b, 0xb0, 0x00, 0x8e, 0x20, 0x00, 0x04,
    0xf5, 0x00, 0x01, 0xce, 0x74, 0x48, 0xe9, 0x00, 0x00, 0x01, 0x7c, 0xee, 0xc6, 0x00, 0x00, 0x00,
    0x00, 0x00, 0x00, 0x00, 0x00, 0x00, 0x00, 0x00, 0x3d, 0x10, 0x00, 0x00, 0x00, 0x00, 0x02, 0xb0,
    0x00, 0x00, 0x00, 0x00, 0x00, 0x00, 0x00, 0x75, 0x00, 0x00, 0x00, 0x01, 0xf7, 0x00, 0x7d, 0xfc,
    0x45, 0xe1, 0x07, 0xe6, 0x48, 0xfe, 0x50, 0x1e, 0x70, 0x00, 0xac, 0x00, 0x3f, 0x30, 0x00, 0x6f,
    0x00, 0x4f, 0x20, 0x00, 0x5f, 0x10, 0x3f, 0x30, 0x00, 0x6f, 0x10, 0x0e, 0x70, 0x00, 0xac, 0x00,
    0x07, 0xe6, 0x48, 0xf5, 0x00, 0x00, 0x6d, 0xfc, 0x50, 0x00, 0x00, 0x00, 0x00, 0x00, 0x00, 0x00,
    0x03, 0xd1, 0x00, 0x00, 0x00, 0x02, 0xb0, 0x00, 0x00, 0x05, 0xf2, 0x00, 0x00, 0x5f, 0x20, 0x05,
    0xf2, 0x00, 0x00, 0x5f, 0x20, 0x05, 0xf2, 0x00, 0x00, 0x5f, 0x20, 0x05, 0xf2, 0x00, 0x00, 0x5f,
    0x20, 0x05, 0xf2, 0x00, 0x00, 0x5f, 0x20, 0x05, 0xf2, 0x00, 0x00, 0x5f, 0x20, 0x05, 0xf2, 0x00,
    0x00, 0x5f, 0x20, 0x05, 0xf2, 0x00, 0x00, 0x5f, 0x20, 0x04, 0xf4, 0x00, 0x00, 0x6f, 0x10, 0x01,
    0xe9, 0x00, 0x00, 0xbc, 0x00, 0x00, 0x7f, 0x94, 0x4a, 0xf4, 0x00, 0x00, 0x06, 0xcf, 0xeb, 0x40,
    0x00, 0x00, 0x00, 0x00, 0x00, 0x00, 0x00, 0x00, 0x00, 0x03, 0xd1, 0x00, 0x00, 0x00, 0x00, 0x02,
    0xb0, 0x00, 0x00, 0x05, 0xf2, 0x00, 0x05, 0xf2, 0x05, 0xf2, 0x00, 0x05, 0xf2, 0x05, 0xf2, 0x00,
    0x05, 0xf2, 0x05, 0xf2, 0x00, 0x05, 0xf2, 0x05, 0xf2, 0x00, 0x05, 0xf2, 0x05, 0xf2, 0x00, 0x06,
    0xf2, 0x04, 0xf4, 0x00, 0x0a, 0xf2, 0x01, 0xec, 0x54, 0x8e, 0xf2, 0x00, 0x3c, 0xee, 0x93, 0xf2,
    0x00, 0x00, 0x00, 0x00, 0x00, 0x00, 0x00, 0x3d, 0x10, 0x00, 0x00, 0x00, 0x2b, 0x00, 0x00, 0x00,
    0x00, 0x03, 0x30, 0x00, 0x00, 0x00, 0x00, 0x1e, 0xfc, 0x00, 0x00, 0x00, 0x00, 0x00, 0x6f, 0x10,
    0x00, 0x00, 0x00, 0x05, 0xd8, 0x00, 0x00, 0x00, 0x00, 0x07, 0x70, 0x00, 0x00, 0x00, 0x00, 0x00,
    0x00, 0x00, 0x00, 0x05, 0xf2, 0x00, 0x00, 0x5f, 0x20, 0x05, 0xf2, 0x00, 0x00, 0x5f, 0x20, 0x05,
    0xf2, 0x00, 0x00, 0x5f, 0x20, 0x05, 0xf2, 0x00, 0x00, 0x5f, 0x20, 0x05, 0xf2, 0x00, 0x00, 0x5f,
    0x20, 0x05, 0xf2, 0x00, 0x00, 0x5f, 0x20, 0x05, 0xf2, 0x00, 0x00, 0x5f, 0x20, 0x05, 0xf2, 0x00,
    0x00, 0x5f, 0x20, 0x04, 0xf4, 0x00, 0x00, 0x6f, 0x10, 0x01, 0xe9, 0x00, 0x00, 0xbc, 0x00, 0x00,
    0x7f, 0x94, 0x4a, 0xf4, 0x00, 0x00, 0x06, 0xcf, 0xeb, 0x40, 0x00, 0x00, 0x00, 0x11, 0x00, 0x00,
    0x00, 0x00, 0xef, 0xa0, 0x00, 0x00, 0x00, 0x17, 0xf1, 0x00, 0x00, 0x00, 0x3c, 0x90, 0x00, 0x00,
    0x00, 0x67, 0x00, 0x00, 0x00, 0x00, 0x00, 0x00, 0x00, 0x05, 0xf2, 0x00, 0x05, 0xf2, 0x05, 0xf2,
    0x00, 0x05, 0xf2, 0x05, 0xf2, 0x00, 0x05, 0xf2, 0x05, 0xf2, 0x00, 0x05, 0xf2, 0x05, 0xf2, 0x00,
    0x05, 0xf2, 0x05, 0xf2, 0x00, 0x06, 0xf2, 0x04, 0xf4, 0x00, 0x0a, 0xf2, 0x01, 0xec, 0x54, 0x8e,
    0xf2, 0x00, 0x3c, 0xee, 0x93, 0xf2, 0x00, 0x00, 0x00, 0x57, 0x00, 0x00, 0x00, 0x00, 0x00, 0x02,
    0xf6, 0x00, 0x00, 0x00, 0x00, 0x00, 0x0b, 0x60, 0x00, 0x00, 0x00, 0x00, 0x00, 0x00, 0x00, 0x00,
    0x00, 0x00, 0x05, 0xf2, 0x00, 0x00, 0x5f, 0x26, 0xf2, 0x05, 0xf2, 0x00, 0x00, 0x5f, 0x8e, 0x90,
    0x05, 0xf2, 0x00, 0x00, 0x5f, 0x94, 0x00, 0x05, 0xf2, 0x00, 0x00, 0x5f, 0x20, 0x00, 0x05, 0xf2,
    0x00, 0x00, 0x5f, 0x20, 0x00, 0x05, 0xf2, 0x00, 0x00, 0x5f, 0x20, 0x00, 0x05, 0xf2, 0x00, 0x00,
    0x5f, 0x20, 0x00, 0x05, 0xf2, 0x00, 0x00, 0x5f, 0x20, 0x00, 0x04, 0xf4, 0x00, 0x00, 0x6f, 0x10,
    0x00, 0x01, 0xe9, 0x00, 0x00, 0xbc, 0x00, 0x00, 0x00, 0x6f, 0x94, 0x49, 0xf4, 0x00, 0x00, 0x00,
    0x05, 0xcf, 0xec, 0x40, 0x00, 0x00, 0x00, 0x00, 0x01, 0x75, 0x00, 0x00, 0x00, 0x00, 0x08, 0xe2,
    0x00, 0x00, 0x00, 0x00, 0x3d, 0x20, 0x00, 0x00, 0x00, 0x00, 0x00, 0x00, 0x00, 0x00, 0x00, 0x00,
    0x00, 0x00, 0x00, 0xda, 0x05, 0xf2, 0x00, 0x05, 0xf6, 0xf5, 0x05, 0xf2, 0x00, 0x05, 0xfd, 0x70,
    0x05, 0xf2, 0x00, 0x05, 0xf2, 0x00, 0x05, 0xf2, 0x00, 0x05, 0xf2, 0x00, 0x05, 0xf2, 0x00, 0x05,
    0xf2, 0x00, 0x05, 0xf2, 0x00, 0x06, 0xf2, 0x00, 0x04, 0xf4, 0x00, 0x0a, 0xf2, 0x00, 0x01, 0xec,
    0x54, 0x9e, 0xf2, 0x00, 0x00, 0x3c, 0xee, 0x93, 0xf2, 0x00, 0x00, 0x00, 0x75, 0x00, 0x00, 0x00,
    0x00, 0x00, 0x00, 0x6e, 0x20, 0x00, 0x00, 0x00, 0x00, 0x00, 0x07, 0xb0, 0x00, 0x00, 0x00, 0x00,
    0x00, 0x00, 0x00, 0x00, 0x00, 0x00, 0x05, 0xf2, 0x00, 0x00, 0x5f, 0x26, 0xf2, 0x05, 0xf2, 0x00,
    0x00, 0x5f, 0x8e, 0x90, 0x05, 0xf2, 0x00, 0x00, 0x5f, 0x94, 0x00, 0x05, 0xf2, 0x00, 0x00, 0x5f,
    0x20, 0x00, 0x05, 0xf2, 0x00, 0x00, 0x5f, 0x20, 0x00, 0x05, 0xf2, 0x00, 0x00, 0x5f, 0x20, 0x00,
    0x05, 0xf2, 0x00, 0x00, 0x5f, 0x20, 0x00, 0x05, 0xf2, 0x00, 0x00, 0x5f, 0x20, 0x00, 0x04, 0xf4,
    0x00, 0x00, 0x6f, 0x10, 0x00, 0x01, 0xe9, 0x00, 0x00, 0xbc, 0x00, 0x00, 0x00, 0x6f, 0x94, 0x49,
    0xf4, 0x00, 0x00, 0x00, 0x05, 0xcf, 0xec, 0x40, 0x00, 0x00, 0x00, 0x05, 0x81, 0x00, 0x00, 0x00,
    0x00, 0x02, 0xd9, 0x00, 0x00, 0x00, 0x00, 0x00, 0x2c, 0x40, 0x00, 0x00, 0x00, 0x00, 0x00, 0x00,
    0x00, 0x00, 0x00, 0x00, 0x00, 0x00, 0x00, 0xda, 0x05, 0xf2, 0x00, 0x05, 0xf6, 0xf5, 0x05, 0xf2,
    0x00, 0x05, 0xfd, 0x70, 0x05, 0xf2, 0x00, 0x05, 0xf2, 0x00, 0x05, 0xf2, 0x00, 0x05, 0xf2, 0x00,
    0x05, 0xf2, 0x00, 0x05, 0xf2, 0x00, 0x05, 0xf2, 0x00, 0x06, 0xf2, 0x00, 0x04, 0xf4, 0x00, 0x0a,
    0xf2, 0x00, 0x01, 0xec, 0x54, 0x9e, 0xf2, 0x00, 0x00, 0x3c, 0xee, 0x93, 0xf2, 0x00, 0x00, 0x00,
    0x1f, 0xe7, 0x00, 0x00, 0x00, 0x00, 0x00, 0x03, 0x9f, 0x10, 0x00, 0x00, 0x00, 0x00, 0x00, 0x7f,
    0x10, 0x00, 0x00, 0x00, 0x00, 0x07, 0xd5, 0x00, 0x00, 0x00, 0x00, 0x00, 0x07, 0x70, 0x00, 0x00,
    0x00, 0x00, 0x00, 0x00, 0x00, 0x00, 0x00, 0x00, 0x05, 0xf2, 0x00, 0x00, 0x5f, 0x26, 0xf2, 0x05,
    0xf2, 0x00, 0x00, 0x5f, 0x8e, 0x90, 0x05, 0xf2, 0x00, 0x00, 0x5f, 0x94, 0x00, 0x05, 0xf2, 0x00,
    0x00, 0x5f, 0x20, 0x00, 0x05, 0xf2, 0x00, 0x00, 0x5f, 0x20, 0x00, 0x05, 0xf2, 0x00, 0x00, 0x5f,
    0x20, 0x00, 0x05, 0xf2, 0x00, 0x00, 0x5f, 0x20, 0x00, 0x05, 0xf2, 0x00, 0x00, 0x5f, 0x20, 0x00,
    0x04, 0xf4, 0x00, 0x00, 0x6f, 0x10, 0x00, 0x01, 0xe9, 0x00, 0x00, 0xbc, 0x00, 0x00, 0x00, 0x6f,
    0x94, 0x49, 0xf4, 0x00, 0x00, 0x00, 0x05, 0xcf, 0xec, 0x40, 0x00, 0x00, 0x00, 0x00, 0xde, 0x80,
    0x00, 0x00, 0x00, 0x00, 0x38, 0xf1, 0x00, 0x00, 0x00, 0x00, 0x2b, 0xa0, 0x00, 0x00, 0x00, 0x00,
    0x68, 0x00, 0x00, 0x54, 0x00, 0x00, 0x01, 0x00, 0x00, 0xd9, 0x05, 0xf2, 0x00, 0x05, 0xf7, 0xf3,
    0x05, 0xf2, 0x00, 0x05, 0xfd, 0x60, 0x05, 0xf2, 0x00, 0x05, 0xf2, 0x00, 0x05, 0xf2, 0x00, 0x05,
    0xf2, 0x00, 0x05, 0xf2, 0x00, 0x05, 0xf2, 0x00, 0x05, 0xf2, 0x00, 0x06, 0xf2, 0x00, 0x04, 0xf4,
    0x00, 0x0a, 0xf2, 0x00, 0x01, 0xec, 0x54, 0x9e, 0xf2, 0x00, 0x00, 0x3c, 0xee, 0x93, 0xf2, 0x00,
    0x00, 0x00, 0x00, 0x00, 0x10, 0x00, 0x00, 0x00, 0x04, 0xed, 0x57, 0x80, 0x00, 0x00, 0x00, 0x0b,
    0x46, 0xee, 0x20, 0x00, 0x00, 0x00, 0x01, 0x00, 0x00, 0x00, 0x00, 0x00, 0x05, 0xf2, 0x00, 0x00,
    0x5f, 0x26, 0xf2, 0x05, 0xf2, 0x00, 0x00, 0x5f, 0x8e, 0x90, 0x05, 0xf2, 0x00, 0x00, 0x5f, 0x94,
    0x00, 0x05, 0xf2, 0x00, 0x00, 0x5f, 0x20, 0x00, 0x05, 0xf2, 0x00, 0x00, 0x5f, 0x20, 0x00, 0x05,
    0xf2, 0x00, 0x00, 0x5f, 0x20, 0x00, 0x05, 0xf2, 0x00, 0x00, 0x5f, 0x20, 0x00, 0x05, 0xf2, 0x00,
    0x00, 0x5f, 0x20, 0x00, 0x04, 0xf4, 0x00, 0x00, 0x6f, 0x10, 0x00, 0x01, 0xe9, 0x00, 0x00, 0xbc,
    0x00, 0x00, 0x00, 0x6f, 0x94, 0x49, 0xf4, 0x00, 0x00, 0x00, 0x05, 0xcf, 0xec, 0x40, 0x00, 0x00,
    0x00, 0x00, 0x10, 0x01, 0x10, 0x00, 0x00, 0x1d, 0xfa, 0x4b, 0x40, 0x00, 0x00, 0x78, 0x29, 0xea,
    0x00, 0x00, 0x00, 0x00, 0x00, 0x00, 0x00, 0x00, 0x00, 0x00, 0x00, 0x00, 0x00, 0xda, 0x05, 0xf2,
    0x00, 0x05, 0xf6, 0xf5, 0x05, 0xf2, 0x00, 0x05, 0xfd, 0x70, 0x05, 0xf2, 0x00, 0x05, 0xf2, 0x00,
    0x05, 0xf2, 0x00, 0x05, 0xf2, 0x00, 0x05, 0xf2, 0x00, 0x05, 0xf2, 0x00, 0x05, 0xf2, 0x00, 0x06,
    0xf2, 0x00, 0x04, 0xf4, 0x00, 0x0a, 0xf2, 0x00, 0x01, 0xec, 0x54, 0x9e, 0xf2, 0x00, 0x00, 0x3c,
    0xee, 0x93, 0xf2, 0x00, 0x05, 0xf2, 0x00, 0x00, 0x5f, 0x26, 0xf2, 0x05, 0xf2, 0x00, 0x00, 0x5f,
    0x8e, 0x90, 0x05, 0xf2, 0x00, 0x00, 0x5f, 0x94, 0x00, 0x05, 0xf2, 0x00, 0x00, 0x5f, 0x20, 0x00,
    0x05, 0xf2, 0x00, 0x00, 0x5f, 0x20, 0x00, 0x05, 0xf2, 0x00, 0x00, 0x5f, 0x20, 0x00, 0x05, 0xf2,
    0x00, 0x00, 0x5f, 0x20, 0x00, 0x05, 0xf2, 0x00, 0x00, 0x5f, 0x20, 0x00, 0x04, 0xf4, 0x00, 0x00,
    0x6f, 0x10, 0x00, 0x01, 0xe9, 0x00, 0x00, 0xbc, 0x00, 0x00, 0x00, 0x6f, 0x94, 0x49, 0xf4, 0x00,
    0x00, 0x00, 0x05, 0xcf, 0xec, 0x40, 0x00, 0x00, 0x00, 0x00, 0x00, 0x00, 0x00, 0x00, 0x00, 0x00,
    0x00, 0x03, 0xd1, 0x00, 0x00, 0x00, 0x00, 0x00, 0x02, 0xb0, 0x00, 0x00, 0x00, 0x00, 0x00, 0x00,
    0x00, 0x00, 0xda, 0x05, 0xf2, 0x00, 0x05, 0xf6, 0xf5, 0x05, 0xf2, 0x00, 0x05, 0xfd, 0x70, 0x05,
    0xf2, 0x00, 0x05, 0xf2, 0x00, 0x05, 0xf2, 0x00, 0x05, 0xf2, 0x00, 0x05, 0xf2, 0x00, 0x05, 0xf2,
    0x00, 0x05, 0xf2, 0x00, 0x06, 0xf2, 0x00, 0x04, 0xf4, 0x00, 0x0a, 0xf2, 0x00, 0x01, 0xec, 0x54,
    0x9e, 0xf2, 0x00, 0x00, 0x3c, 0xee, 0x93, 0xf2, 0x00, 0x00, 0x00, 0x00, 0x00, 0x00, 0x00, 0x00,
    0x00, 0x3d, 0x10, 0x00, 0x00, 0x00, 0x00, 0x2b, 0x00, 0x00, 0x00, 0x00, 0x04, 0x81, 0x00, 0x00,
    0x00, 0x02, 0xd9, 0x00, 0x00, 0x00, 0x00, 0x2d, 0x40, 0x00, 0x00, 0x00, 0x00, 0x00, 0x00, 0x0d,
    0xa0, 0x00, 0x00, 0xda, 0x05, 0xf3, 0x00, 0x06, 0xf3, 0x00, 0xcb, 0x00, 0x0d, 0xa0, 0x00, 0x5f,
    0x30, 0x6f, 0x20, 0x00, 0x0c, 0xb1, 0xd9, 0x00, 0x00, 0x04, 0xfa, 0xf2, 0x00, 0x00, 0x00, 0xcf,
    0x90, 0x00, 0x00, 0x00, 0x5f, 0x30, 0x00, 0x00, 0x00, 0x5f, 0x20, 0x00, 0x00, 0x00, 0x5f, 0x20,
    0x00, 0x00, 0x00, 0x5f, 0x20, 0x00, 0x00, 0x00, 0x5f, 0x20, 0x00, 0x00, 0x01, 0x10, 0x00, 0x00,
    0x00, 0xbd, 0x10, 0x00, 0x00, 0x00, 0x8b, 0x00, 0x00, 0x00, 0x00, 0x00, 0x00, 0x0e, 0x80, 0x00,
    0x0b, 0xc0, 0x9d, 0x00, 0x01, 0xf7, 0x03, 0xf4, 0x00, 0x6f, 0x10, 0x0c, 0x90, 0x0b, 0xb0, 0x00,
    0x7e, 0x11, 0xf5, 0x00, 0x01, 0xf5, 0x6e, 0x10, 0x00, 0x0a, 0xab, 0xa0, 0x00, 0x00, 0x4e, 0xf4,
    0x00, 0x00, 0x00, 0xde, 0x00, 0x00, 0x00, 0x0d, 0x80, 0x00, 0x00, 0x04, 0xf2, 0x00, 0x00, 0x45,
    0xda, 0x00, 0x00, 0x0e, 0xea, 0x10, 0x00, 0x00, 0x0d, 0xa0, 0x00, 0x00, 0xda, 0x05, 0xf3, 0x00,
    0x06, 0xf3, 0x00, 0xcb, 0x00, 0x0d, 0xa0, 0x00, 0x5f, 0x30, 0x6f, 0x20, 0x00, 0x0c, 0xb1, 0xd9,
    0x00, 0x00, 0x04, 0xfa, 0xf2, 0x00, 0x00, 0x00, 0xcf, 0x90, 0x00, 0x00, 0x00, 0x5f, 0x30, 0x00,
    0x00, 0x00, 0x5f, 0x20, 0x00, 0x00, 0x00, 0x5f, 0x20, 0x00, 0x00, 0x00, 0x5f, 0x20, 0x00, 0x00,
    0x00, 0x5f, 0x20, 0x00, 0x00, 0x00, 0x00, 0x00, 0x00, 0x00, 0x00, 0x3d, 0x10, 0x00, 0x00, 0x00,
    0x2b, 0x00, 0x00, 0x4f, 0x20, 0x00, 0x5f, 0x20, 0xd8, 0x00, 0x0a, 0xc0, 0x08, 0xd0, 0x00, 0xe6,
    0x00, 0x2f, 0x30, 0x4f, 0x10, 0x00, 0xc9, 0x09, 0xb0, 0x00, 0x06, 0xe0, 0xe6, 0x00, 0x00, 0x1f,
    0x7f, 0x10, 0x00, 0x00, 0xae, 0xb0, 0x00, 0x00, 0x04, 0xf6, 0x00, 0x00, 0x00, 0x5f, 0x10, 0x00,
    0x00, 0x0b, 0xa2, 0xb0, 0x01, 0x38, 0xf3, 0x3d, 0x10, 0x4f, 0xd5, 0x00, 0x00, 0x00, 0x00, 0x00,
    0x56, 0x20, 0x00, 0x00, 0x00, 0x8d, 0xe1, 0x00, 0x00, 0x00, 0x09, 0xc0, 0x00, 0x00, 0x00, 0x39,
    0x00, 0x00, 0x00, 0x00, 0x00, 0x00, 0x00, 0x0d, 0xa0, 0x00, 0x00, 0xda, 0x05, 0xf3, 0x00, 0x06,
    0xf2, 0x00, 0xcb, 0x00, 0x0e, 0x90, 0x00, 0x5f, 0x30, 0x7f, 0x20, 0x00, 0x0c, 0xb1, 0xe9, 0x00,
    0x00, 0x04, 0xfa, 0xf2, 0x00, 0x00, 0x00, 0xcf, 0x90, 0x00, 0x00, 0x00, 0x5f, 0x30, 0x00, 0x00,
    0x00, 0x5f, 0x20, 0x00, 0x00, 0x00, 0x5f, 0x20, 0x00, 0x00, 0x00, 0x5f, 0x20, 0x00, 0x00, 0x00,
    0x5f, 0x20, 0x00, 0x00, 0x01, 0x10, 0x00, 0x00, 0x02, 0xff, 0xa0, 0x00, 0x00, 0x01, 0x8f, 0x10,
    0x00, 0x00, 0x4c, 0x90, 0x00, 0x00, 0x07, 0x70, 0x00, 0x00, 0x00, 0x00, 0x00, 0x00, 0xca, 0x00,
    0x00, 0x3f, 0x56, 0xf1, 0x00, 0x09, 0xe0, 0x1e, 0x60, 0x01, 0xe8, 0x00, 0xac, 0x00, 0x6f, 0x30,
    0x04, 0xf2, 0x0c, 0xc0, 0x00, 0x0d, 0x72, 0xf6, 0x00, 0x00, 0x7c, 0x8f, 0x10, 0x00, 0x02, 0xfd,
    0xa0, 0x00, 0x00, 0x0b, 0xf5, 0x00, 0x00, 0x00, 0xbe, 0x00, 0x00, 0x00, 0x2f, 0x80, 0x00, 0x03,
    0x4c, 0xe1, 0x00, 0x00, 0xbf, 0xc3, 0x00, 0x00, 0x00, 0x00, 0x00, 0x00, 0x01, 0x00, 0x00, 0x1c,
    0xf9, 0x3b, 0x30, 0x00, 0x69, 0x3a, 0xfa, 0x00, 0x00, 0x10, 0x00, 0x00, 0x00, 0x0d, 0xa0, 0x00,
    0x00, 0xda, 0x05, 0xf3, 0x00, 0x06, 0xf3, 0x00, 0xcb, 0x00, 0x0d, 0xa0, 0x00, 0x5f, 0x30, 0x6f,
    0x20, 0x00, 0x0c, 0xb1, 0xd9, 0x00, 0x00, 0x04, 0xfa, 0xf2, 0x00, 0x00, 0x00, 0xcf, 0x90, 0x00,
    0x00, 0x00, 0x5f, 0x30, 0x00, 0x00, 0x00, 0x5f, 0x20, 0x00, 0x00, 0x00, 0x5f, 0x20, 0x00, 0x00,
    0x00, 0x5f, 0x20, 0x00, 0x00, 0x00, 0x5f, 0x20, 0x00, 0x00, 0x00, 0x00, 0x01, 0x00, 0x06, 0xfc,
    0x55, 0xb0, 0x00, 0xd3, 0x6e, 0xe3, 0x00, 0x01, 0x00, 0x00, 0x00, 0x0e, 0x80, 0x00, 0x0b, 0xc0,
    0x9d, 0x00, 0x01, 0xf7, 0x03, 0xf4, 0x00, 0x6f, 0x10, 0x0c, 0x90, 0x0b, 0xb0, 0x00, 0x7e, 0x11,
    0xf5, 0x00, 0x01, 0xf5, 0x6e, 0x10, 0x00, 0x0a, 0xab, 0xa0, 0x00, 0x00, 0x4e, 0xf4, 0x00, 0x00,
    0x00, 0xde, 0x00, 0x00, 0x00, 0x0d, 0x80, 0x00, 0x00, 0x04, 0xf2, 0x00, 0x00, 0x45, 0xda, 0x00,
    0x00, 0x0e, 0xea, 0x10, 0x00, 0x00, 0x00, 0x00, 0x00, 0x0f, 0xff, 0xf0, 0x03, 0x33, 0x30, 0x00,
    0x00, 0x00, 0x00, 0x00, 0x00, 0x00, 0x00, 0x00, 0x00, 0x00, 0x00, 0x0f, 0xff, 0xf0, 0x03, 0x33,
    0x30, 0x00, 0x00, 0x00, 0x00, 0x00, 0x00, 0x00, 0x00, 0x00, 0x00, 0x00, 0x00, 0x00, 0x00, 0xff,
    0xff, 0xff, 0xf0, 0x03, 0x33, 0x33, 0x33, 0x00, 0x00, 0x00, 0x00, 0x00, 0x00, 0x00, 0x00, 0x00,
    0x00, 0x00, 0x00, 0x00, 0x00, 0x00, 0x00, 0x00, 0x00, 0x00, 0x00, 0x00, 0x00, 0x00, 0xff, 0xff,
    0xff, 0xff, 0xff, 0xff, 0xff, 0xf0, 0x03, 0x33, 0x33, 0x33, 0x33, 0x33, 0x33, 0x33, 0x00, 0x00,
    0x00, 0x00, 0x00, 0x00, 0x00, 0x00, 0x00, 0x00, 0x00, 0x00, 0x00, 0x00, 0x00, 0x00, 0x00, 0x00,
    0x00, 0x00, 0x00, 0x00, 0x00, 0x00, 0x00, 0x00, 0x0a, 0x71, 0xf4, 0x6f, 0x1b, 0xd0, 0x00, 0x00,
    0x00, 0x00, 0x00, 0x00, 0x00, 0x00, 0x00, 0x00, 0x00, 0x00, 0x2f, 0x74, 0xf3, 0x7d, 0x0a, 0x70,
    0x00, 0x00, 0x00, 0x00, 0x00, 0x00, 0x00, 0x00, 0x00, 0x00, 0x00, 0x00, 0x0a, 0x70, 0xa7, 0x1f,
    0x42, 0xf3, 0x6f, 0x17, 0xf0, 0xbd, 0x0c, 0xc0, 0x00, 0x00, 0x00, 0x00, 0x00, 0x00, 0x00, 0x00,
    0x00, 0x00, 0x00, 0x00, 0x00, 0x00, 0x00, 0x00, 0x00, 0x00, 0x00, 0x00, 0x00, 0x00, 0x00, 0x00,
    0x2f, 0x72, 0xf7, 0x4f, 0x35, 0xf2, 0x7c, 0x08, 0xc0, 0xb6, 0x0b, 0x60, 0x00, 0x00, 0x00, 0x00,
    0x00, 0x00, 0x00, 0x00, 0x00, 0x00, 0x00, 0x00, 0x00, 0x00, 0x00, 0x00, 0x00, 0x00, 0x00, 0x00,
    0x00, 0x00, 0x00, 0x00, 0x06, 0xee, 0x60, 0x0e, 0xff, 0xe0, 0x0e, 0xff, 0xe0, 0x05, 0xee, 0x50,
    0x00, 0x00, 0x00, 0x00, 0x00, 0x00, 0x00, 0x00, 0x00, 0x00, 0x00, 0x00, 0x01, 0x00, 0x01, 0x00,
    0x01, 0x03, 0xf1, 0x03, 0xf1, 0x03, 0xf1, 0x3d, 0x10, 0x3d, 0x10, 0x3d, 0x10,
};
const lv_font_fmt_txt_glyph_dsc_t kGlyphs[] = {
    {0, 0, 0, 0, 0, 0},
    {0, 64, 4, 0, 0, 0}, // U+0020
    {0, 48, 3, 12, 0, 0}, // U+0021
    {18, 112, 7, 12, 0, 0}, // U+0022
    {60, 192, 12, 12, 0, 0}, // U+0023
    {132, 144, 9, 14, 0, -2}, // U+0024
    {195, 208, 13, 12, 0, 0}, // U+0025
    {273, 176, 12, 12, 0, 0}, // U+0026
    {345, 64, 4, 12, 0, 0}, // U+0027
    {369, 80, 5, 15, 0, -3}, // U+0028
    {407, 80, 5, 15, 0, -3}, // U+0029
    {445, 144, 9, 12, 0, 0}, // U+002A
    {499, 160, 10, 10, 0, 0}, // U+002B
    {549, 64, 4, 4, 0, -2}, // U+002C
    {557, 96, 6, 6, 0, 0}, // U+002D
    {575, 48, 3, 3, 0, 0}, // U+002E
    {580, 96, 6, 12, 0, 0}, // U+002F
    {616, 144, 9, 12, 0, 0}, // U+0030
    {670, 144, 9, 12, 0, 0}, // U+0031
    {724, 144, 9, 12, 0, 0}, // U+0032
    {778, 144, 9, 12, 0, 0}, // U+0033
    {832, 144, 9, 12, 0, 0}, // U+0034
    {886, 144, 9, 12, 0, 0}, // U+0035
    {940, 144, 9, 12, 0, 0}, // U+0036
    {994, 144, 9, 12, 0, 0}, // U+0037
    {1048, 144, 9, 12, 0, 0}, // U+0038
    {1102, 144, 9, 12, 0, 0}, // U+0039
    {1156, 48, 3, 9, 0, 0}, // U+003A
    {1170, 48, 3, 11, 0, -2}, // U+003B
    {1187, 144, 9, 11, 0, 0}, // U+003C
    {1237, 144, 9, 8, 0, 0}, // U+003D
    {1273, 144, 9, 11, 0, 0}, // U+003E
    {1323, 112, 7, 12, 0, 0}, // U+003F
    {1365, 224, 14, 14, 0, -2}, // U+0040
    {1463, 160, 11, 12, 0, 0}, // U+0041
    {1529, 176, 11, 12, 0, 0}, // U+0042
    {1595, 160, 10, 12, 0, 0}, // U+0043
    {1655, 192, 12, 12, 0, 0}, // U+0044
    {1727, 144, 9, 12, 0, 0}, // U+0045
    {1781, 128, 9, 12, 0, 0}, // U+0046
    {1835, 176, 11, 12, 0, 0}, // U+0047
    {1901, 192, 12, 12, 0, 0}, // U+0048
    {1973, 96, 6, 12, 0, 0}, // U+0049
    {2009, 80, 6, 16, -1, -4}, // U+004A
    {2057, 160, 11, 12, 0, 0}, // U+004B
    {2123, 144, 9, 12, 0, 0}, // U+004C
    {2177, 240, 15, 12, 0, 0}, // U+004D
    {2267, 208, 13, 12, 0, 0}, // U+004E
    {2345, 192, 12, 12, 0, 0}, // U+004F
    {2417, 160, 10, 12, 0, 0}, // U+0050
    {2477, 192, 12, 15, 0, -3}, // U+0051
    {2567, 160, 10, 12, 0, 0}, // U+0052
    {2627, 144, 9, 12, 0, 0}, // U+0053
    {2681, 176, 11, 12, 0, 0}, // U+0054
    {2747, 192, 12, 12, 0, 0}, // U+0055
    {2819, 160, 10, 12, 0, 0}, // U+0056
    {2879, 240, 15, 12, 0, 0}, // U+0057
    {2969, 144, 10, 12, 0, 0}, // U+0058
    {3029, 144, 10, 12, -1, 0}, // U+0059
    {3089, 160, 10, 12, 0, 0}, // U+005A
    {3149, 96, 6, 15, 0, -3}, // U+005B
    {3194, 96, 6, 12, 0, 0}, // U+005C
    {3230, 80, 5, 15, 0, -3}, // U+005D
    {3268, 144, 9, 12, 0, 0}, // U+005E
    {3322, 112, 7, 3, 0, -3}, // U+005F
    {3333, 80, 5, 13, 0, 0}, // U+0060
    {3366, 144, 9, 9, 0, 0}, // U+0061
    {3407, 160, 10, 12, 0, 0}, // U+0062
    {3467, 112, 7, 9, 0, 0}, // U+0063
    {3499, 144, 9, 12, 0, 0}, // U+0064
    {3553, 144, 9, 9, 0, 0}, // U+0065
    {3594, 96, 7, 12, 0, 0}, // U+0066
    {3636, 144, 9, 13, 0, -4}, // U+0067
    {3695, 160, 10, 12, 0, 0}, // U+0068
    {3755, 80, 5, 12, 0, 0}, // U+0069
    {3785, 80, 6, 16, -1, -4}, // U+006A
    {3833, 144, 9, 12, 0, 0}, // U+006B
    {3887, 80, 5, 12, 0, 0}, // U+006C
    {3917, 224, 14, 9, 0, 0}, // U+006D
    {3980, 160, 10, 9, 0, 0}, // U+006E
    {4025, 144, 9, 9, 0, 0}, // U+006F
    {4066, 160, 10, 13, 0, -4}, // U+0070
    {4131, 144, 9, 13, 0, -4}, // U+0071
    {4190, 112, 7, 9, 0, 0}, // U+0072
    {4222, 128, 8, 9, 0, 0}, // U+0073
    {4258, 96, 6, 11, 0, 0}, // U+0074
    {4291, 160, 10, 9, 0, 0}, // U+0075
    {4336, 128, 9, 9, 0, 0}, // U+0076
    {4377, 208, 13, 9, 0, 0}, // U+0077
    {4436, 128, 9, 9, 0, 0}, // U+0078
    {4477, 128, 9, 13, -1, -4}, // U+0079
    {4536, 128, 8, 9, 0, 0}, // U+007A
    {4572, 96, 6, 15, 0, -3}, // U+007B
    {4617, 144, 9, 16, 0, -4}, // U+007C
    {4689, 112, 7, 15, 0, -3}, // U+007D
    {4742, 160, 10, 7, 0, 0}, // U+007E
    {4777, 64, 4, 0, 0, 0}, // U+00A0
    {4777, 48, 3, 12, 0, -3}, // U+00A1
    {4795, 144, 9, 12, 0, 0}, // U+00A2
    {4849, 160, 10, 12, 0, 0}, // U+00A3
    {4909, 160, 10, 10, 0, 0}, // U+00A4
    {4959, 144, 10, 12, -1, 0}, // U+00A5
    {5019, 144, 9, 16, 0, -4}, // U+00A6
    {5091, 128, 8, 12, 0, 0}, // U+00A7
    {5139, 160, 10, 13, 0, 0}, // U+00A8
    {5204, 224, 14, 13, 0, -1}, // U+00A9
    {5295, 80, 5, 12, 0, 0}, // U+00AA
    {5325, 128, 8, 8, 0, 0}, // U+00AB
    {5357, 144, 9, 7, 0, 0}, // U+00AC
    {5389, 96, 6, 6, 0, 0}, // U+00AD
    {5407, 224, 14, 13, 0, -1}, // U+00AE
    {5498, 128, 8, 15, 0, 0}, // U+00AF
    {5558, 112, 7, 12, 0, 0}, // U+00B0
    {5600, 160, 10, 10, 0, 0}, // U+00B1
    {5650, 96, 6, 14, 0, 0}, // U+00B2
    {5692, 80, 5, 14, 0, 0}, // U+00B3
    {5727, 80, 5, 13, 0, 0}, // U+00B4
    {5760, 160, 10, 13, 0, -4}, // U+00B5
    {5825, 176, 11, 15, 0, -3}, // U+00B6
    {5908, 48, 3, 8, 0, 0}, // U+00B7
    {5920, 80, 5, 5, 0, -4}, // U+00B8
    {5933, 96, 6, 14, 0, 0}, // U+00B9
    {5975, 80, 5, 12, 0, 0}, // U+00BA
    {6005, 128, 8, 8, 0, 0}, // U+00BB
    {6037, 192, 13, 12, 0, 0}, // U+00BC
    {6115, 208, 13, 13, 0, -1}, // U+00BD
    {6200, 192, 14, 12, -1, 0}, // U+00BE
    {6284, 112, 7, 13, 0, -4}, // U+00BF
    {6330, 160, 11, 16, 0, 0}, // U+00C0
    {6418, 160, 11, 16, 0, 0}, // U+00C1
    {6506, 160, 11, 16, 0, 0}, // U+00C2
    {6594, 160, 11, 16, 0, 0}, // U+00C3
    {6682, 160, 11, 15, -1, 0}, // U+00C4
    {6765, 176, 11, 15, 0, 0}, // U+00C5
    {6848, 224, 15, 12, -1, 0}, // U+00C6
    {6938, 160, 10, 17, 0, -5}, // U+00C7
    {7023, 144, 9, 16, 0, 0}, // U+00C8
    {7095, 144, 9, 16, 0, 0}, // U+00C9
    {7167, 144, 9, 16, 0, 0}, // U+00CA
    {7239, 144, 9, 15, 0, 0}, // U+00CB
    {7307, 96, 6, 16, 0, 0}, // U+00CC
    {7355, 96, 6, 16, 0, 0}, // U+00CD
    {7403, 96, 6, 16, 0, 0}, // U+00CE
    {7451, 96, 6, 15, 0, 0}, // U+00CF
    {7496, 192, 12, 12, 0, 0}, // U+00D0
    {7568, 208, 13, 16, 0, 0}, // U+00D1
    {7672, 192, 12, 16, 0, 0}, // U+00D2
    {7768, 192, 12, 16, 0, 0}, // U+00D3
    {7864, 192, 12, 16, 0, 0}, // U+00D4
    {7960, 192, 12, 16, 0, 0}, // U+00D5
    {8056, 192, 12, 15, 0, 0}, // U+00D6
    {8146, 144, 9, 10, 0, 0}, // U+00D7
    {8191, 192, 12, 14, 0, -1}, // U+00D8
    {8275, 192, 12, 16, 0, 0}, // U+00D9
    {8371, 192, 12, 16, 0, 0}, // U+00DA
    {8467, 192, 12, 16, 0, 0}, // U+00DB
    {8563, 192, 12, 15, 0, 0}, // U+00DC
    {8653, 144, 10, 16, -1, 0}, // U+00DD
    {8733, 160, 10, 12, 0, 0}, // U+00DE
    {8793, 176, 11, 12, 0, 0}, // U+00DF
    {8859, 144, 9, 13, 0, 0}, // U+00E0
    {8918, 144, 9, 13, 0, 0}, // U+00E1
    {8977, 144, 9, 13, 0, 0}, // U+00E2
    {9036, 144, 9, 13, 0, 0}, // U+00E3
    {9095, 144, 9, 12, 0, 0}, // U+00E4
    {9149, 144, 9, 15, 0, 0}, // U+00E5
    {9217, 208, 13, 9, 0, 0}, // U+00E6
    {9276, 112, 7, 14, 0, -5}, // U+00E7
    {9325, 144, 9, 13, 0, 0}, // U+00E8
    {9384, 144, 9, 13, 0, 0}, // U+00E9
    {9443, 144, 9, 13, 0, 0}, // U+00EA
    {9502, 144, 9, 12, 0, 0}, // U+00EB
    {9556, 80, 5, 13, 0, 0}, // U+00EC
    {9589, 80, 5, 13, 0, 0}, // U+00ED
    {9622, 80, 7, 13, -1, 0}, // U+00EE
    {9668, 80, 6, 12, -1, 0}, // U+00EF
    {9704, 160, 10, 13, 0, 0}, // U+00F0
    {9769, 160, 10, 13, 0, 0}, // U+00F1
    {9834, 144, 9, 13, 0, 0}, // U+00F2
    {9893, 144, 9, 13, 0, 0}, // U+00F3
    {9952, 144, 9, 13, 0, 0}, // U+00F4
    {10011, 144, 9, 13, 0, 0}, // U+00F5
    {10070, 144, 9, 12, 0, 0}, // U+00F6
    {10124, 160, 10, 10, 0, 0}, // U+00F7
    {10174, 144, 9, 11, 0, -1}, // U+00F8
    {10224, 160, 10, 13, 0, 0}, // U+00F9
    {10289, 160, 10, 13, 0, 0}, // U+00FA
    {10354, 160, 10, 13, 0, 0}, // U+00FB
    {10419, 160, 10, 12, 0, 0}, // U+00FC
    {10479, 128, 9, 17, -1, -4}, // U+00FD
    {10556, 160, 10, 16, 0, -4}, // U+00FE
    {10636, 128, 8, 16, 0, -4}, // U+00FF
    {10700, 160, 11, 16, 0, 0}, // U+0102
    {10788, 144, 9, 13, 0, 0}, // U+0103
    {10847, 192, 12, 12, 0, 0}, // U+0110
    {10919, 160, 10, 12, 0, 0}, // U+0111
    {10979, 96, 6, 16, 0, 0}, // U+0128
    {11027, 80, 7, 13, -1, 0}, // U+0129
    {11073, 192, 12, 16, 0, 0}, // U+0168
    {11169, 160, 10, 13, 0, 0}, // U+0169
    {11234, 192, 13, 12, 0, 0}, // U+01A0
    {11312, 144, 10, 11, 0, 0}, // U+01A1
    {11367, 208, 14, 12, 0, 0}, // U+01AF
    {11451, 176, 12, 10, 0, 0}, // U+01B0
    {11511, 0, 8, 13, -8, 0}, // U+0300
    {11563, 0, 6, 13, -6, 0}, // U+0301
    {11602, 0, 6, 13, -3, 0}, // U+0302
    {11641, 0, 8, 12, -8, 0}, // U+0303
    {11689, 0, 5, 12, -2, 0}, // U+0306
    {11719, 0, 7, 15, -7, 0}, // U+0309
    {11772, 0, 4, 13, -2, 0}, // U+031B
    {11798, 0, 6, 3, -6, -3}, // U+0323
    {11807, 160, 11, 15, 0, -3}, // U+1EA0
    {11890, 144, 9, 12, 0, -3}, // U+1EA1
    {11944, 176, 11, 18, 0, 0}, // U+1EA2
    {12043, 144, 9, 15, 0, 0}, // U+1EA3
    {12111, 160, 11, 17, 0, 0}, // U+1EA4
    {12205, 144, 10, 14, 0, 0}, // U+1EA5
    {12275, 160, 11, 17, 0, 0}, // U+1EA6
    {12369, 144, 9, 14, 0, 0}, // U+1EA7
    {12432, 160, 11, 18, 0, 0}, // U+1EA8
    {12531, 144, 9, 16, 0, 0}, // U+1EA9
    {12603, 160, 11, 18, 0, 0}, // U+1EAA
    {12702, 144, 9, 16, 0, 0}, // U+1EAB
    {12774, 160, 11, 19, 0, -3}, // U+1EAC
    {12879, 144, 9, 16, 0, -3}, // U+1EAD
    {12951, 160, 11, 17, 0, 0}, // U+1EAE
    {13045, 144, 9, 15, 0, 0}, // U+1EAF
    {13113, 160, 11, 17, 0, 0}, // U+1EB0
    {13207, 144, 9, 15, 0, 0}, // U+1EB1
    {13275, 160, 11, 18, -1, 0}, // U+1EB2
    {13374, 144, 9, 16, 0, 0}, // U+1EB3
    {13446, 160, 11, 18, 0, 0}, // U+1EB4
    {13545, 144, 9, 16, 0, 0}, // U+1EB5
    {13617, 160, 11, 19, 0, -3}, // U+1EB6
    {13722, 144, 9, 16, 0, -3}, // U+1EB7
    {13794, 144, 9, 15, 0, -3}, // U+1EB8
    {13862, 144, 9, 12, 0, -3}, // U+1EB9
    {13916, 160, 10, 18, 0, 0}, // U+1EBA
    {14006, 144, 9, 15, 0, 0}, // U+1EBB
    {14074, 144, 9, 16, 0, 0}, // U+1EBC
    {14146, 144, 9, 13, 0, 0}, // U+1EBD
    {14205, 144, 10, 17, 0, 0}, // U+1EBE
    {14290, 144, 9, 14, 0, 0}, // U+1EBF
    {14353, 144, 9, 17, 0, 0}, // U+1EC0
    {14430, 144, 9, 14, 0, 0}, // U+1EC1
    {14493, 144, 9, 18, 0, 0}, // U+1EC2
    {14574, 144, 9, 16, 0, 0}, // U+1EC3
    {14646, 144, 9, 18, 0, 0}, // U+1EC4
    {14727, 144, 9, 16, 0, 0}, // U+1EC5
    {14799, 144, 9, 19, 0, -3}, // U+1EC6
    {14885, 144, 9, 16, 0, -3}, // U+1EC7
    {14957, 96, 6, 17, 0, 0}, // U+1EC8
    {15008, 80, 5, 15, 0, 0}, // U+1EC9
    {15046, 96, 6, 15, 0, -3}, // U+1ECA
    {15091, 80, 5, 15, 0, -3}, // U+1ECB
    {15129, 192, 12, 15, 0, -3}, // U+1ECC
    {15219, 144, 9, 12, 0, -3}, // U+1ECD
    {15273, 192, 12, 18, 0, 0}, // U+1ECE
    {15381, 144, 9, 15, 0, 0}, // U+1ECF
    {15449, 192, 12, 17, 0, 0}, // U+1ED0
    {15551, 144, 9, 14, 0, 0}, // U+1ED1
    {15614, 192, 12, 17, 0, 0}, // U+1ED2
    {15716, 144, 9, 14, 0, 0}, // U+1ED3
    {15779, 192, 12, 19, 0, 0}, // U+1ED4
    {15893, 144, 9, 16, 0, 0}, // U+1ED5
    {15965, 192, 12, 18, 0, 0}, // U+1ED6
    {16073, 144, 9, 16, 0, 0}, // U+1ED7
    {16145, 192, 12, 19, 0, -3}, // U+1ED8
    {16259, 144, 9, 16, 0, -3}, // U+1ED9
    {16331, 192, 13, 16, 0, 0}, // U+1EDA
    {16435, 144, 10, 13, 0, 0}, // U+1EDB
    {16500, 192, 13, 16, 0, 0}, // U+1EDC
    {16604, 144, 10, 13, 0, 0}, // U+1EDD
    {16669, 192, 13, 18, 0, 0}, // U+1EDE
    {16786, 144, 10, 14, 0, 0}, // U+1EDF
    {16856, 192, 13, 16, 0, 0}, // U+1EE0
    {16960, 144, 10, 13, 0, 0}, // U+1EE1
    {17025, 192, 13, 15, 0, -3}, // U+1EE2
    {17123, 144, 10, 14, 0, -3}, // U+1EE3
    {17193, 192, 12, 15, 0, -3}, // U+1EE4
    {17283, 160, 10, 12, 0, -3}, // U+1EE5
    {17343, 192, 12, 18, 0, 0}, // U+1EE6
    {17451, 160, 10, 15, 0, 0}, // U+1EE7
    {17526, 208, 14, 16, 0, 0}, // U+1EE8
    {17638, 176, 12, 14, 0, 0}, // U+1EE9
    {17722, 208, 14, 16, 0, 0}, // U+1EEA
    {17834, 176, 12, 14, 0, 0}, // U+1EEB
    {17918, 208, 14, 18, 0, 0}, // U+1EEC
    {18044, 176, 12, 14, 0, 0}, // U+1EED
    {18128, 208, 14, 16, 0, 0}, // U+1EEE
    {18240, 176, 12, 14, 0, 0}, // U+1EEF
    {18324, 208, 14, 15, 0, -3}, // U+1EF0
    {18429, 176, 12, 13, 0, -3}, // U+1EF1
    {18507, 144, 10, 16, -1, 0}, // U+1EF2
    {18587, 128, 9, 17, -1, -4}, // U+1EF3
    {18664, 144, 10, 15, -1, -3}, // U+1EF4
    {18739, 128, 9, 13, 0, -4}, // U+1EF5
    {18798, 144, 10, 17, -1, 0}, // U+1EF6
    {18883, 144, 9, 19, 0, -4}, // U+1EF7
    {18969, 144, 10, 16, -1, 0}, // U+1EF8
    {19049, 128, 9, 17, -1, -4}, // U+1EF9
    {19126, 96, 6, 6, 0, 0}, // U+2010
    {19144, 96, 6, 6, 0, 0}, // U+2011
    {19162, 144, 9, 6, 0, 0}, // U+2013
    {19189, 272, 17, 6, 0, 0}, // U+2014
    {19240, 48, 3, 12, 0, 0}, // U+2018
    {19258, 48, 3, 12, 0, 0}, // U+2019
    {19276, 96, 6, 12, 0, 0}, // U+201C
    {19312, 96, 6, 12, 0, 0}, // U+201D
    {19348, 96, 6, 8, 0, 0}, // U+2022
    {19372, 176, 11, 3, 0, 0}, // U+2026
};
const uint16_t kUnicode[] = {
    0, 1, 2, 3, 4, 5, 6, 7, 8, 9, 10, 11,
    12, 13, 14, 15, 16, 17, 18, 19, 20, 21, 22, 23,
    24, 25, 26, 27, 28, 29, 30, 31, 32, 33, 34, 35,
    36, 37, 38, 39, 40, 41, 42, 43, 44, 45, 46, 47,
    48, 49, 50, 51, 52, 53, 54, 55, 56, 57, 58, 59,
    60, 61, 62, 63, 64, 65, 66, 67, 68, 69, 70, 71,
    72, 73, 74, 75, 76, 77, 78, 79, 80, 81, 82, 83,
    84, 85, 86, 87, 88, 89, 90, 91, 92, 93, 94, 128,
    129, 130, 131, 132, 133, 134, 135, 136, 137, 138, 139, 140,
    141, 142, 143, 144, 145, 146, 147, 148, 149, 150, 151, 152,
    153, 154, 155, 156, 157, 158, 159, 160, 161, 162, 163, 164,
    165, 166, 167, 168, 169, 170, 171, 172, 173, 174, 175, 176,
    177, 178, 179, 180, 181, 182, 183, 184, 185, 186, 187, 188,
    189, 190, 191, 192, 193, 194, 195, 196, 197, 198, 199, 200,
    201, 202, 203, 204, 205, 206, 207, 208, 209, 210, 211, 212,
    213, 214, 215, 216, 217, 218, 219, 220, 221, 222, 223, 226,
    227, 240, 241, 264, 265, 328, 329, 384, 385, 399, 400, 736,
    737, 738, 739, 742, 745, 763, 771, 7808, 7809, 7810, 7811, 7812,
    7813, 7814, 7815, 7816, 7817, 7818, 7819, 7820, 7821, 7822, 7823, 7824,
    7825, 7826, 7827, 7828, 7829, 7830, 7831, 7832, 7833, 7834, 7835, 7836,
    7837, 7838, 7839, 7840, 7841, 7842, 7843, 7844, 7845, 7846, 7847, 7848,
    7849, 7850, 7851, 7852, 7853, 7854, 7855, 7856, 7857, 7858, 7859, 7860,
    7861, 7862, 7863, 7864, 7865, 7866, 7867, 7868, 7869, 7870, 7871, 7872,
    7873, 7874, 7875, 7876, 7877, 7878, 7879, 7880, 7881, 7882, 7883, 7884,
    7885, 7886, 7887, 7888, 7889, 7890, 7891, 7892, 7893, 7894, 7895, 7896,
    7897, 8176, 8177, 8179, 8180, 8184, 8185, 8188, 8189, 8194, 8198,
};
const lv_font_fmt_txt_cmap_t kMap = {
    .range_start = 32, .range_length = 8199, .glyph_id_start = 1,
    .unicode_list = kUnicode, .glyph_id_ofs_list = nullptr,
    .list_length = 311, .type = LV_FONT_FMT_TXT_CMAP_SPARSE_TINY,
};
const lv_font_fmt_txt_dsc_t kDescriptor = {
    .glyph_bitmap = kBitmap, .glyph_dsc = kGlyphs, .cmaps = &kMap,
    .kern_dsc = nullptr, .kern_scale = 0, .cmap_num = 1, .bpp = 4,
    .kern_classes = 0, .bitmap_format = 0,
};
}  // namespace

extern const lv_font_t mochan_response_font_16 = {
    .get_glyph_dsc = lv_font_get_glyph_dsc_fmt_txt,
    .get_glyph_bitmap = lv_font_get_bitmap_fmt_txt,
    .line_height = 24, .base_line = 5, .dsc = &kDescriptor,
};
